id|src|c|cmax|s|duty|L1|days|wh|sell|orders|sat|aviso|titulo
6585edc8b29f8b05c18c8f07|28sep-get|1.68|1.68|1.99|0.0|3.67|10|US|32.39|10000|60||1 Piece of Rice Drainage Basket Rice Filter Fruit and Vegetable Drainage Sieve Kitchen Supplies Small Tools Mu
65860738117eb9dadeb19790|28sep-get|1.57|2.09|1.99|1.63|5.19|10|CN|18.87|10000|60|electrónica/batería|Portable Lint Remover Pet Hair Remover Brush Manual Lint Roller Sofa Clothes Cleaning Lint Brush Fuzz Fabric S
658e6f9b2a151b63159b7e38|28sep-get|3.82|7.48|1.99|2.53|8.34|10|CN|43.2|10000|40||150mm 100mm Electronic Digital Caliper Carbon Fiber Dial Vernier Caliper Gauge Micrometer Measuring Tool Digit
65992dd64019e2b45bae60f7|28sep-get|2.28|2.82|1.99|1.91|6.18|10|CN|67.41|10000|40||Nylon LED Night Safety Flashing Glow In The Dark Dog Leash Dogs Luminous Fluorescent Pet Dog Collar
65de52006ba8f4dedffeec09|28sep-get|2.21|6.04|1.99|0.0|4.2|10|US|34.2|10000|40|cosmética|NAGARAKU Eyelash Extension Tweezers Makeup Stainless Steel Eyelash 3D accurate Clip
662cab55f1a128161eaea82b|28sep-get|11.76|20.67|0|0.0|11.76|10|US|34.18|10000|40||New Car Wash Mop Cleaning Brush Telescoping Long Handle Cleaning Mop Retractable Bent Bar Car Wash Brush Car C
6640744dbf59341e693a3899|28sep-get|2.87|6.6|1.99|2.15|7.01|10|CN|60.19|10000|40||2in1 500ml Plastic Kitchen Oil Sprayer Spray Oil Olive Spray Bottle for Oil Dispenser BBQ Baking Roasting Picn
66c7ee27597b45bb32648cbd|28sep-get|1.66|7.02|1.99|1.66|5.31|10|CN|32.39|10000|40||Car Trash Can (with Lid) Contains 60 (300) Garbage Bags, Small Car Trash Can, Leak-proof Mini Car Accessories
66c887ad13693bd4b961999a|28sep-get|6.99|7.46|1.99|3.8|12.78|10|CN|35.99|10000|60||Garbage Picker Gripper With 360 ° Rotating Clip, 32 Inch Lightweight Heavy-Duty Elderly Gripper, Gripper, Elde
6754aa31d8a1d1b83831795e|28sep-get|1.43|1.6|1.99|1.57|4.99|10|CN|19.8|10000|40|cosmética|1pcs Multifunction Manual Toothpaste Dispenser Cream Tube Squeezer Bathroom Squeeze Paste Extruding Clip Squee
6783bedef69548182efdf0b5|28sep-get|10.83|10.83|0|5.33|16.16|10|CN|28.79|10000|40|electrónica/batería|ROCKBROS Bicycle Tail Light Smart Brake Sensing Rear Bike Light Aluminum Waterproof Type-C MTB Road Warning Cy
68665ecd0c63fc0441f3ccdc|28sep-get|4.93|6.36|1.99|0.0|6.92|10|US|44.1|10000|20|electrónica/batería|Car Cable Connector Car Battery Terminals Quick Disconnect Auto Cables Connectors Tractor Truck Terminal Car A
689f58ca65a37602a9b28427|28sep-get|2.1|3.02|1.99|0.0|4.09|10|US|24.28|10000|60||Multifunctional Electrician Test Screwdriver AC Non-contact Induction Test Pen Voltage Tester 70-600V Red Gree
68cfe830a1487c000131518d|28sep-get|1.54|1.54|1.99|1.15|4.68|10|UK|31.47|10000|40||Foldable 360 Degree Comprehensive Cleaning Silicone Brush with Long Handle Design, Reusable for Bottles and Cu
694a678e9d2688000148912c|28sep-get|2.06|11.08|1.99|1.82|5.87|10|CN|22.49|10000|60||Professional Art Use 48-Color Acrylic Paint Markers, Dual-Tip Fine and Brush Tip Pens, Suitable for Stone, Woo
695907cc8d9dd800014a39c0|28sep-get|1.42|1.56|1.99|0.0|3.41|10|US|45.89|10000|40||6PCS Sports Shoe Repair Patches, Anti-wear Shoe Patches, Insole Repair Patches, Self-adhesive Patches Inside H
69b0446f67521c0001d0674e|28sep-get|8.56|26.64|1.99|0.0|10.55|10|US|51.28|10000|20||SEAMETAL Heavy-Duty Car Towel 1200GSM Super-Absorption Microfiber Drying Cloth Ultra-Soft Scratch-Free Car Det
69cec2b389e77f0001986370|29sep-get|2.2|66.38|1.99|1.88|6.07|10|CN|14.97|10000|40||10-300cm Self Adhesive Leather Repair Patch Tape Self-Adhesive House DIY Fix For Sofa Moto Car Seat Bag Home S
b1435913a23a6228ce46a13d|28sep-get|2.66|31.69|1.99|0.0|4.65|10|US|46.76|10000|40||10/30/50 PCS Mini Fast Wiring Cable Connectors Universal Compact Splitter Electrical Conductors Push-in Home T
c8df192494814db9f28ff932|29sep-get|1.07|2.67|1.99|1.43|4.49|10|CN|18.98|10000|20||10Pcs 20cm Car Air Conditioner Outlet Decorative U Shape Moulding Trim Decor Strips Car Styling Car Door Edge 
08c3ed914ae88508e5f7deed|28sep-get|4.37|8.56|1.99|0.0|6.36|10|US|38.66|5000|60||Sunshade Cover Car Windshield Snow Sun Shade Waterproof Protector Cover Car Front Windscreen Cover
6585e9694da0ac1ae9812f97|28sep-get|1.39|34.06|1.99|1.56|4.94|10|CN|14.79|5000|40|frágil|Thickened Magic Cleaning Cloth Microfiber Glass Clean Towel Reusable Washable Lint-free Cleaning Rags for Kitc
65ab4fe9f7aa18d90de90289|28sep-get|1.37|1.71|1.99|1.55|4.91|10|CN|17.97|5000|20||Hot compress towel hanging ear soft skin-friendly steam heating cold hot compress face towel wet compress irri
65d5041a4e84f4de750d0ba2|28sep-get|3.02|14.55|1.99|2.21|7.22|10|CN|54.87|5000|60||Cat Litter Mat With Gift Double Layer Waterproof Pet Litter Box Mat Non-slip Sand Cat Pad Washable Bed Mat Cle
661274eef292e3c9416b412a|28sep-get|1.8|1.8|1.99|1.72|5.51|10|CN|24.39|5000|60||Can Opener Multifunctional Bottle Opener Jar Opener for Beer Coke Jam Beverage
66af02f7ac9a615091202544|28sep-get|22.68|60.78|0|10.07|32.75|10|CN|116.95|5000|40|electrónica/batería|Hydrogen-Rich Water Cup Portable Electric Hydrogen Rich Water Generator Bottle Titanium Quality Filter Healthc
66eedc80e6f8af260c98ebcb|28sep-get|4.41|9.98|1.99|0.0|6.4|10|US|27.45|5000|60|electrónica/batería|USB Rechargeable LED Sensor Headlamp XPE+COB Headlight Led Head Torch Camping Search Light Head Flashlight for
6715c19ec4c8715d2dd4f67a|29sep-get|4.65|4.65|1.99|2.86|9.5|10|CN|22.7|5000|40|cosmética|Pet Hair Remover Roller - Dog & Cat Fur Remover with Self-Cleaning Base - Efficient Animal Hair Removal Tool -
674547d1b1bd425c9548fc27|28sep-get|29.73|45.64|0|0.0|29.73|10|US|62.1|5000|30||HOBIBEAR Unisex Wide Toe Barefoot Shoes for Men Women Outdoor Trail Running Minimalist Walking Shoes Lightweig
6754ada4ca2f31cde76da55a|28sep-get|1.34|2.45|1.99|0.0|3.33|10|US|23.39|5000|60||Car Interior Cleaning Tool Artificial Car Brush Crevice Dusting Detailing Car Air Vent Cleaning Soft Brush wit
67965314eb31245b0adbf081|28sep-get|1.42|5.06|1.99|0.0|3.41|10|US|40.83|5000|40|cosmética|100/10x Hammer Drive Expansion Rivets Percussion Expansion Aluminum Nail Head Piercing Knock Type Small Tappin
67de8dc52e5a34972b82198b|28sep-get|1.38|1.7|1.99|1.55|4.92|10|CN|31.49|5000|60||Retractable Teacher Pointer Finger Design StainlessSteel Telescopic School Teaching Pointer Stick Teacher Supp
67ed522bb048212bf474bea6|28sep-get|2.2|5.23|1.99|0.0|4.19|10|US|44.98|5000|30||Magnetic Cabinet Catches Ultra Thin Door Strong Magnets Stopper Invisible Adhesive Drawer Magnet Lock for Kitc
67f741f875b14222ceb9a431|28sep-get|3.03|9.08|1.99|2.21|7.23|10|CN|35.08|5000|20||100/200Pc/set Mini Resin Ducks Tiny Duck Miniature Figures Bulk Little Duck Charms for Party, DIY Micro Landsc
67f91ff82c83934240161c5e|28sep-get|3.23|3.91|1.99|2.29|7.51|10|CN|13.35|5000|20||1Pcs Silicone Spoon Non-stick Cooking Spoon Anti-scalding Pot Rice High-temperature-resistant Spoon Durable Ki
6836c175c3b7f51c455ec823|28sep-get|2.89|3.57|1.99|2.16|7.04|10|CN|32.05|5000|60|electrónica/batería|2pcs Car Seat Gap Filler Organizer Waterproof Car Seat Gap Plug Strip with 2 Grooves Seat Gap Storage Auto Int
683c4e4d436957f872e736cf|28sep-get|4.88|6.46|1.99|2.95|9.82|10|CN|35.96|5000|40||2pcs Satin Pillowcase for Skin and Hair, Satin Pillow Cases Set of 2 Soft Breathable Smooth Cooling Pillow Cov
68723230401b00a334f1f649|28sep-get|1.77|3.22|1.99|1.71|5.47|10|CN|31.49|5000|40||New Hawaiian Gradient Hair Clips Women Flower Hair Claws Shark Hairpins Vacation Beach Style Hairpins Hair Acc
6887be051969b24ef2554455|28sep-get|4.08|5.15|1.99|2.63|8.7|10|CN|28.88|5000|60||1pcs car electrical terminal connector separator disassembly tool suitable for most vehicles
689c3d4deaa0202081db192c|28sep-get|1.2|2.5|1.99|1.48|4.67|10|CN|48.58|5000|40||Magnetic Cable Clip Cable Holder Adhesive Wire Keeper Cord Cable Organizer for Home Office Under Desk Manageme
68c8687ee4f2950001be8cd2|28sep-get|7.03|12.32|1.99|0.0|9.02|10|US|46.64|5000|60|electrónica/batería|LED Motion Sensor Light Night Light Wireless USB Under Cabinet Light For Kitchen Cabinet Bedroom Wardrobe Sens
68f6be7e9fb9650001383195|29sep-get|3.82|4.7|1.99|0.0|5.81|10|US|20.95|5000|60|frágil|Silicone Scraper Broom Magic Wiper High Place Glass Wiper Floor Mop Household Splicing Cleaning Broom Bathroom
690f4f5166994000016c4206|28sep-get|3.11|3.77|1.99|2.24|7.34|10|CN|31.49|5000|60||Punch-Free Automatic Sensor Door Closer Adjustable Surface Door Stop Bracket Pull Cord Door Closer for Residen
6948eef0ec95e2000178e90a|28sep-get|2.48|4.45|1.99|1.99|6.46|10|CN|19.12|5000|30||Handle Burr Metal Repair Deburring Tool Kit NB1100 Router Bit Rotary Deburr BS1010 Blades Remover Hand Tool Fo
695733d183b1ce0001aa81e2|28sep-get|29.26|34.31|0|12.7|41.96|10|CN|133.97|5000|60||2026 Bionic Neck Shoulder Massager N7 Kneading Massager Shawl 3-Level Modes Neck Cervical Waist Leg Body Muscl
696c1614c836410001890876|28sep-get|4.88|5.56|1.99|2.95|9.82|10|CN|37.8|5000|60||1pc DIY Sushi Making Machine Kitchen Sushi Tool Sushi Maker Quick Sushi Bazooka Japanese Rolled Rice Meat Mold
6989de174f7f3b000195d09a|28sep-get|2.68|2.68|1.99|2.07|6.74|10|CN|19.79|5000|20||Stainless Steel Toothpick Set Reusable Toothpicks Tooth Flossing Tartar Removal Tool Portable Teeth Cleaner fo
69bf851891ecfc0001c63b6f|28sep-get|2.29|2.4|1.99|1.92|6.2|10|CN|31.01|5000|60|electrónica/batería|Mood Expression Pins for Women Men My Social Battery Brooches on Clothes Funny Alloy Badge Gifts
69c2d15e839d440001229b54|28sep-get|1.59|1.59|1.99|0.0|3.58|10|US|16.34|5000|20||1pc New Angry Hair Clip Novelty Duckbill Clip Crochet Yarn Headband Side Clip
ec580e7494b0ac96b2edafeb|28sep-get|2.16|2.68|1.99|1.86|6.01|10|CN|53.98|5000|60||Synthesis Wig Middle-Part Bangs Hair Extensions Clip In Forehead Natural Seamless French Oblique Bangs Eight-C
6621d415a58de23a3b6728d3|28sep-get|2.42|2.94|1.99|1.97|6.38|10|CN|13.49|4000|20||High Quality Aluminium Alloy Metal New Guitar Capo Change Clamp Key Acoustic Classic Guitar Capo  For Tone Adj
677d74fcb8425fd0cc40551b|28sep-get|15.2|15.7|0|7.08|22.28|10|CN|34.18|4000|40|electrónica/batería|Cat Water Fountain Auto Filter Transparent Cat Drinker USB Anti-Dry Burning Recirculate Filtering Water Dispen
68a038a60c3ae8673b227ec7|28sep-get|7.87|9.38|1.99|0.0|9.86|10|US|31.49|4000|40||Auto Center Console Armrest Cushion With 2 Cup Holder Armrest Heightening Pad Auto Amrest Pillow Cover Pad for
68e1ae09e5d5a6000179ed4b|28sep-get|2.05|29.8|1.99|0.0|4.04|10|US|103.81|4000|40||1-4pcs 15/25M High Temp Wire Harness Wrapping Tape Self-Adhesive Automotive Wiring Harness Fabric Tape for Car
695c177ce0c42d00013cea3d|28sep-get|3.09|3.21|1.99|2.24|7.32|10|CN|16.15|4000|20||90/180 Degree Flip Door Lock Home Security Sliding Door Latch Small Gate Latches Hardware Anti-theft Lock Zinc
695d4b0e7d59b40001095870|28sep-get|2.05|6.69|1.99|0.0|4.04|10|US|20.69|4000|40||2M/5M/10M Car Door Protector Anti Collision Strip U Type Universal High Quality Rubber Car Door Edge Protectio
698a0dddafbdef0001bc2ec1|28sep-get|9.59|9.73|1.99|4.84|16.42|10|CN|10.8|4000|20||Treasure Hunter Handheld Metal Detector Pinpointer Pointer Probe Anti-scratch Metal Pinpointing Waterproof 360
69f05dff6f62a50001b711d2|28sep-get|1.86|3.05|1.99|1.74|5.59|10|CN|13.48|4000|60||Automatic Bookmark, Silicone Reading Bookmark, Colorful Bookmark, Ideal Gift For Book Lovers, Essential Readin
658b12a5a7bd06c7c1c6b8a3|28sep-get|17.7|17.7|0|8.08|25.78|10|CN|44.96|3000|20|electrónica/batería|Electric Shoe Dryer Boot Warmer Shoe UV Foot Boot Dryer Eliminate Odor Fast Drying Boot Deodorizer Multifuncti
65d60244755400f740f28210|28sep-get|1.37|2.17|1.99|0.0|3.36|10|US|17.99|3000|40||Efficient and Hassle-Free Toothpaste Tube Squeezer for a Smooth and Comfortable Brushing Experience
6612bed621c8df057e4d1d5e|28sep-get|1.46|1.89|1.99|1.58|5.03|10|CN|38.47|3000|60|frágil|2Pcs 360 Degree Adjustable Blind Spot Mirror Car Auxiliary Rearview Convex Mirror Round Frame Wide Angle Mirro
671b2d3e9f265fb6dd5bba7e|28sep-get|6.19|8.14|1.99|0.0|8.18|10|US|35.05|3000|20||Crazy Bag Fashion Touch Screen Lock Cell Phone Bag Women's Mobile Phone Card Holder Crossbody Shoulder Bag
682c4537309d9ee5bff53b33|28sep-get|17.64|17.64|0|0.0|17.64|10|US|53.99|3000|40|electrónica/batería|Hidden Camera Detector Anti-Spy Car GPS Tracker Listening Device Bug RF Wireless All Signal Scanner Gadget Sec
685016877f441ef4b749b014|28sep-get|2.67|2.99|1.99|2.07|6.73|10|CN|17.95|3000|40||Dog Comb Pet Hair Remover One Button Dogs Brush Self-cleaning Cat Brush Massage Combs for Dog Grooming Brushes
6861a40b81fd9d2df6b77688|28sep-get|3.22|25.68|1.99|2.29|7.5|10|CN|26.99|3000|60||60CMX90CM Cat Litter Mat Waterproof Double Layer Pet Litter Box Mat Pet Toilet Cat Mat Nonslip Sand Cat Washab
686f3fb74b082d315b93ee85|28sep-get|26.22|29.46|0|11.49|37.71|10|CN|68.15|3000|70||TARKA Inflatable Camping Mats Air Mattress With Pillow Outdoor Tourist Sleeping Pad Self-Inflating Mattress Fo
6885730c2a4f38e907b26576|28sep-get|5.52|5.52|1.99|3.21|10.72|10|CN|86.47|3000|40|electrónica/batería|Transparent Body Electric Hair Clipper Professional Trimmer USB Rechargeable Hair Cutting Machine For Men Holi
68890817a22ab56a995d0c29|28sep-get|3.23|3.23|1.99|0.0|5.22|10|US|16.43|3000|40|electrónica/batería|2pc Car Seat Gap Filler Organizer Pu Waterproof Car Seat Gap Plug Strip with 2 Grooves Seat Gap Storage Auto I
688d7099e1fefe1ad3d936df|28sep-get|16.36|16.36|0|7.54|23.9|10|CN|115.17|3000|40|electrónica/batería|3 LED Night Light Rechargeable Sunflower Lights Interior Lighting Bedroom Bedside Desktop Decoration Table Lam
695b99b9f842500001048ffb|28sep-get|2.74|2.8|1.99|2.1|6.83|10|CN|35.97|3000|40||Banana toothbrush protective cap with toothpaste storage box - compact and convenient - essential toothbrush c
69e5d2682d9323000177c84f|28sep-get|2.31|5.57|1.99|1.92|6.22|10|CN|17.99|3000|40||5-20Pcs Colorful Finger Catapult Dinosaur Games Birthday Shower Party Favor Giveaway Christmas Carnival Party 
69f6262fc9d4a10001a0dab9|28sep-get|7.22|14.26|0|3.89|11.11|10|CN|54.0|3000|60||Portable Folding Stool Lightweight Camping Chair Foldable Seat for Fishing Hiking Travel Outdoor & Indoor Use
50a65e851448181dcb30bbf6|29sep-get|3.03|4.13|1.99|2.21|7.23|10|CN|74.99|2000|60||Car Silicone Steering Wheel Cover Men's And Women's Summer Fashion Sweat Wicking Non-slip All-season Model Thi
6586808333918e635383efdc|28sep-get|1.53|1.82|1.99|1.61|5.13|10|CN|50.38|2000|100||Natural Volcanic Stone Bracelet Men Matte Black Lave White Beads Charm Dumbbell Strand Bracelets Women Barbell
664eabf041b8317f35e68deb|28sep-get|1.43|2.37|1.99|1.57|4.99|10|CN|8.09|2000|20||50pcs / 20pcs / Box Circle Carp Eyed Fishing Hook Size 2-22# Ring eye Japan Fishhooks Fishing Hooks Single Jig
66fcf4430d30b26d493cc7ea|28sep-get|1.3|6.21|1.99|1.52|4.81|10|CN|17.99|2000|40||Microfiber Cleaning Cloth Velvet Thickened Dishcloths High Absorbent Scouring Kitchen Washing Dish Rags Househ
6752219e0367085a37ec3bdd|28sep-get|1.49|1.58|1.99|1.15|4.63|10|UK|38.24|2000|60||Elegant Solid Large Bow Ribbon Hair Clip For Women Girl Sweet Headbands Soft Satin Hairpin Hairgrip Fashion Ha
67821725c253eb77134456fa|28sep-get|21.31|29.08|0|9.52|30.83|10|CN|138.59|2000|40|electrónica/batería,frágil|Bauhaus Table Lamp USB Plug Bedroom Bedside Lamp Living Room Dining Room Decoration Donut Ambient Light（Not Gl
6786d566c50598db11c4f6d2|28sep-get|2|10.9|1.99|1.8|5.79|10|CN|28.8|2000|40||Stainless Steel Kitchen Handheld Orange Lemon Slicer Tomato Cutting Clip Fruit Slicer Onion Slicer KitchenItem
6799a3b9fd2047ffea54e33b|28sep-get|4.23|4.55|1.99|0.0|6.22|10|US|28.23|2000|40||Touchscreen Warm Gloves Outdoor Cycling Driving Motorcycle Waterproof Cold Gloves Windproof Non-Slip Womens Me
67a0eb8c0fa0adb957d95584|28sep-get|18.71|26.21|0|0.0|18.71|10|US|71.99|2000|60||21/18PCS Car Door Tool Kit Inflatable Air Pump Auto Window Door Open Fixing Gripper Tools Long Reach Kits with
67ea491637d748826306c301|28sep-get|14.38|14.88|0|0.0|14.38|10|US|38.4|2000|20||Super Cool Mini WiFi Desktop Weather Digital Clock Station with IPS LCD Screen Gadget for Decoration
67f910306861d6aa3bf9543e|28sep-get|1.61|3.05|1.99|1.64|5.24|10|CN|42.3|2000|40||Cat AirTag Holder Collar Breakaway Reflective Strips Adjustable Kitten Collar Waterproof Cat Bell Collar Pet A
68b39722e498fd9b2495c5e4|28sep-get|25.71|25.71|0|11.28|36.99|10|CN|70.19|2000|60||Auto Straps For Cargo Tape Retractable Belts For Motorcycles Ratchet Strap For Load Luggage Strap Ratchet Tens
68cfad8d08a9c800017f37ed|28sep-get|1.97|3.01|1.99|1.79|5.75|10|CN|9.44|2000|40||Anti-touch Two-Finger Hand Painting Gloves Oil Painting Art Supplies Tablet Digital Board Screen Touch Drawing
68df6c54e41c1400016b6b01|28sep-get|2.08|5.27|1.99|1.83|5.9|10|CN|32.74|2000|60||Snaps Buttons Pliers Set Snap Fasteners Kit Tool Sewing Buttons Press Studs Snap for Installing Clothes Bags
68f01bd7a0a92a0001c3c47a|28sep-get|5.8|11.2|1.99|0.0|7.79|10|US|44.99|2000|60||1PC Silicone Dish Drying Mat Pots Dish Drain Mat For Kitchen Tableware Non-slip Mats Anti-scald Coaster Kitche
68f6b90815fcd10001d44344|28sep-get|7.08|7.62|1.99|3.83|12.9|10|CN|53.96|2000|60|electrónica/batería|36LED/108LED Table Lamp, Rose Light String, Tree Night Lights, USB Powered Lighting, for Girls Lover Party Cam
6905e9263f11a500015b9d59|28sep-get|4.98|4.98|1.99|2.99|9.96|10|CN|17.95|2000|20|cosmética|Heavy-Duty Nail Clippers Prevent splashing Wide Fingernail Clipper Thick Hard Toenail Cutter Arc Blade Manicur
691314c1abbc29000138395f|28sep-get|2.44|4.1|1.99|1.98|6.41|10|CN|25.2|2000|20||Eco-Friendly Resin Red Eggs Timer Egg Timer Resin Boiled Egg Cooker Color Changing Cooking Temperature Observe
69183eb02129ec00017a4258|28sep-get|11.9|13.09|0|0.0|11.9|10|US|49.5|2000|20|electrónica/batería|30*60cm Electric Heating Pads for Back Neck Shoulder Home Office Washable Winter Warm Blanket 4 Timer 9 Temper
6960c89e3421bc0001f8a34d|28sep-get|2.54|2.82|1.99|2.02|6.55|10|CN|39.55|2000|0|frágil|1200° Ceramic Tipped Stainless Steel Tweezers Tips Heat Pointed Resistant Tweezer Electronic Soldering Tweezer
696599ac109bd3000178a58e|28sep-get|6.14|6.14|1.99|0.0|8.13|10|US|43.18|2000|40||Multifunctional Stainless Steel  Kitchen Peeler Fruit Vegetable Potato Carrot Cucumber Grater Julienne Durable
696e2a47cc9f880001d31921|28sep-get|6.24|6.24|1.99|0.0|8.23|10|US|25.19|2000|20||1PC Car Paint Thickness Tester Gauge Auto Paint Cars Paint Crash Check Test Paint Tester With Magnetic Tip Sca
698242d149be760001558d07|28sep-get|3.64|5.8|1.99|0.0|5.63|10|US|62.08|2000|40||Reusable Stainless Steel Suction Cup Hook Waterproof Wall Mount Hooks Punch-free Kitchen Bathroom Wall Hanger 
698353229ea5de0001c35e19|28sep-get|2.96|7.75|1.99|2.18|7.13|10|CN|17.97|2000|40||40-70cm Knitted Lolita Leg Warmers Women's Long Socks Autumn Winter Wool Foot Cover Arm Warmer Y2K Crochet Hea
698c0ebc2550d900012a1977|28sep-get|14.77|14.8|0|6.91|21.68|10|CN|44.99|2000|60|electrónica/batería|2026 New Mini Straightener Rechargeable Portable Hair Straightener Brush Anti-Scald Shell Cordless USB Chargin
699dc083c957a600013a75fa|28sep-get|4.44|4.94|1.99|2.78|9.21|10|CN|15.29|2000|30||SEAMETAL Motorcycle Silicone Handlebar Cover Universal Self Shrinking Non-Slip Motorcycles Grip Covers Sleeve 
69da13445d06a100018aadce|28sep-get|7.19|7.19|1.99|3.88|13.06|10|CN|88.69|2000|40|frágil|51Pcs Floor Tile Leveling System Clips Spacers for Porcelain Ceramic Tile Laying Wall Fixing Construction Tool
69efbe9c6610fd00018e8e04|28sep-get|6.6|8.25|1.99|3.64|12.23|10|CN|31.47|2000|20|electrónica/batería|Portable Silent Mini Bladeless Electric Fan,Small fan Clip on Shirt Waist Mini Bladeless Fan Adjustable 3-Spee
31452ac3281d19b1d57d4156|28sep-get|3.04|3.04|1.99|0.0|5.03|10|US|26.1|1000|60|electrónica/batería|PIR Motion Sensor Lamp Holder E27 Smart Light Bulb Holder Adapter Auto On/Off Motion Light Socket for Porch St
3ce37729ed651b4ccf590088|28sep-get|4.46|5.52|1.99|2.78|9.23|10|CN|41.39|1000|60||Inflatable Neck Stretcher Cervical Traction Device – Neck Brace Support for Home & Office Use
4a7ca34876b096b27f986918|28sep-get|4.1|6.71|1.99|2.64|8.73|10|CN|17.99|1000|40||4PC Universal Side Window Sunshade Mesh Visor Protection Privacy Mosquito Mesh Net Curtains UV Protect Car Int
655df3619c65854e42a2cc32|28sep-get|21.68|21.68|0|9.67|31.35|10|CN|63.0|1000|100|electrónica/batería|CARSUN Rechargeable Air Pump Tire Inflator Portable Compressor Digital Cordless Car Tyre Inflator For Motocycl
6686f89209967e5b3e9d2ec2|29sep-get|4.95|8.62|1.99|2.98|9.92|10|CN|29.95|1000|40||Set of 6 Vinyl Coasters for Drinks Music Coasters with Vinyl Record Player Holder Retro Record Disk Coaster Mu
66aa64421654031c05bac35a|28sep-get|4.71|29.01|1.99|0.0|6.7|10|US|94.48|1000|60|electrónica/batería|12LED Solar Flame Light Outdoor,Waterproof 12LEDs Torches Landscape Lamp for Outdoor Courtyard Garden Yard,Hal
66b806f6d25c1cc448b0ca44|28sep-get|4.41|9.98|1.99|2.76|9.16|10|CN|29.82|1000|60|electrónica/batería|USB Rechargeable LED Sensor Headlamp XPE+COB Headlight Led Head Torch Camping Search Light Head Flashlight for
6725e6fe088a4a9e872a7d1b|28sep-get|1.74|1.79|1.99|0.0|3.73|10|US|23.38|1000|20||2022 New Double Bangs Hairstyle Hair Clips Hairpin Head Hoop Twist Plait Clip Front Hairclips Hair Hoop Women 
67522614573d8de92b2d38f6|28sep-get|2.13|2.62|1.99|1.85|5.97|10|CN|26.98|1000|40||Dog Hair Remover Brush Cat Dog Hair Grooming And Care Comb For Long Hair Dog Pet Removes Hairs Cleaning Bath B
67549f5c0b1ae496f05f3bce|28sep-get|2.46|2.46|1.99|1.98|6.43|10|CN|13.44|1000|20|electrónica/batería|Pet Knotting Comb Dog Effectively Painless Knot Open Comb Puppy Hair Fur Shedding Grooming Trimmer Comb Cat Ac
6769803bc5bdab80ee32ae10|28sep-get|5.3|5.3|1.99|3.12|10.41|10|CN|52.19|1000|60|electrónica/batería|2026 Popular New Professional Laser Guided Scissors For Home Crafts Wrapping Gifts Fabric Sewing Cut Straight 
6777e00729ce3be262ef92a6|28sep-get|9.18|15.64|1.99|4.67|15.84|10|CN|44.99|1000|60||Hamburger Patty Maker Press 304 Stainless Steel Non-Stick Round Manual Rice Ball Mold Thickness Adjusted Kitch
6777fa24654b071560102c87|28sep-get|17.1|20.08|0|7.84|24.94|10|CN|60.71|1000|60|electrónica/batería|USB 3.0 to SATA IDE Hard Disk Adapter 2.5/3.5 Inch HDD SSD Optical Drive Data Transfer Converter for Laptop De
67820d93e113a143c428b763|28sep-get|9|9.09|1.99|4.6|15.59|10|CN|80.95|1000|40||Outdoor Winter Hiking Climbing Snow Spikes Crampons Cleats Chain Claws Grips Boots Cover Ice Gripper Spike for
67a2d17e3d8f63df398f2b3b|28sep-get|5.51|8.16|1.99|3.2|10.7|10|CN|56.69|1000|40||Double Shoulder Breathable Portable Travel Pet Dog Carrier Backpack Mesh Carrier Front Bag for Small Dog Cats 
67a5e8aec8633a056cf7d88d|28sep-get|6.14|7.88|1.99|3.46|11.59|10|CN|58.73|1000|0||Fashion Women Fluffy Slippers for Autumn and Winter Indoor EVA Thick Sole Anti-Slip and Warm Unisex Slippers f
684995ff177390792282042b|28sep-get|1.98|2.05|1.99|1.79|5.76|10|CN|33.28|1000|30||4PCS Magnetic Clothing Clips Multi-Function Magnetic Strength Buttons Clips Pinless Brooch Clips for Women Clo
68517d5221ca106bae88e508|28sep-get|14.18|18.11|0|6.67|20.85|10|CN|85.49|1000|40|electrónica/batería|Hair ends Trimmer Split Remover Dry Damaged Brittle Professional Automatic Trim Split for Women Cordless Hair 
68579be13b566d0a50817f3f|28sep-get|9.89|10.9|1.99|4.96|16.84|10|CN|62.1|1000|60||Portable Adjustable Travel Neck Pillow Memory Foam U-shaped Pillow Snail Style Travel Neck Support Soft Noon B
688487d466e52571070e4e69|28sep-get|2.77|2.89|1.99|2.11|6.87|10|CN|23.38|1000|40||2-in-1 Fruit Pepper Corer Color Pepper Corer Seed Removing Tool Portable Kitchen Utensil Reusable Fruit Vegeta
68a02586ea11c48bb3283869|28sep-get|3.24|3.24|1.99|0.0|5.23|10|US|28.78|1000|40||1 Piece Halloween Hair Accessories Metal Bat Hair Clips Black Color Cute Fashion Shark Clip For Women Girl Hea
69050ca3b6b401000111f7d5|28sep-get|4.49|4.97|1.99|0.0|6.48|10|US|66.56|1000|40||Inflatable Neck Stretcher Cervical Traction Device – Neck Brace Support for Home & Office Use
691ee0d43bf8af0001afe4aa|28sep-get|5.64|13.51|1.99|3.26|10.89|10|CN|22.45|1000|20||Cute Car Shaking Wooden Man Figurine Interior Wood Ornaments with 12 Magnetic Expressions Handmade Wooden Wigg
692ea01500f2f800013d3add|28sep-get|12.2|13.23|0|5.88|18.08|10|CN|49.73|1000|40||Adjustable wrist weight for men and women, for home gym exercise, walking, running, travel, pilates, yoga, spo
694247aedf55390001b13a40|28sep-get|3.41|5.87|1.99|2.36|7.76|10|CN|44.81|1000|60|electrónica/batería,cosmética|USB Mist Facial Sprayer  Humidifier Rechargeable Nebulizer Face Steamer Moisturizing Beauty Instruments Face S
694d06e451f26e00015d3ecf|28sep-get|1.34|4.4|1.99|1.54|4.87|10|CN|23.6|1000|60||Bathroom Kitchen Gap Cleaning Brush Durable Grout Hard Bristle Long Handle Cleaner Brush for Tile Gaps Window 
69cf95ce65d49a000152d986|28sep-get|3.26|13.5|1.99|2.3|7.55|10|CN|31.34|1000|45||5/30PCS Plant Rooting Ball Grafting Rooting Box Breeding Case High Pressure Plant Root Growing Box For Garden 
69d10f780a333b00016eb892|28sep-get|2.2|10.96|1.99|1.88|6.07|10|CN|40.37|1000|40||3 Size Kitchen Cleaning Stainless Steel Cleaner Scrubber  Reusable Washing Net Rust Pot Remover Cleaning Tool 
69dba3b50d6cef0001efe142|28sep-get|1.99|4.91|1.99|1.8|5.78|10|CN|35.96|1000|40||5m Double Contact Nano Tape Powerful Extra Strong Sided Adhesive for Kitchen and Bathroom Waterproof and Clean
69e75e77256e6c000134091a|28sep-get|4.96|5.18|1.99|2.98|9.93|10|CN|25.57|1000|20||Turning Steering Wheel Booster  360° Rotation Spinner Knob Metal Bearing Power Handle Ball Shaped
69f1527c23d7360001582eec|28sep-get|3.99|4.03|1.99|0.0|5.98|10|US|35.99|1000|40||Fully Automatic Water Level Control Float Valve 1/2" Auto Shut Off Automatic Water Stop Automatic Water Make-u
af91144462a2d6f33a215d7c|28sep-get|2.07|5.67|1.99|1.83|5.89|10|CN|31.49|1000|40||Women's Boat Socks for Plantar Fasciitis | Shock-Absorbing Insoles, Invisible Non-Slip Foot Pads for Comfortab
6586837fc2b29b4dc4186d2b|28sep-get|7.31|7.31|1.99|0.0|9.3|10|US|44.99|900|40|electrónica/batería|24 LED Rose Tree Lights USB Plug Table Lamp Fairy Flower Night Light For Home Party Christmas Wedding Bedroom 
6821ff2c0523d607fe998963|28sep-get|4.53|16.14|1.99|2.81|9.33|10|CN|13.48|900|40|frágil|Thicker Magic Cleaning Cloth No Watermark No Trace Clean Rag  Microfiber Wash Reusable Dried Wiping Window Gla
68d80b894ffc880001a146a7|28sep-get|6.02|6.02|1.99|0.0|8.01|10|US|18.74|900|40||3Pcs Car trash can (with lid) contains 60 (300) garbage bags, small car trash can, leak-proof mini car accesso
92706ff9b0ecef8a486bb62f|28sep-get|12.32|13.05|0|5.93|18.25|10|CN|90.9|900|40|electrónica/batería|Neck Reading Light Novelty Flexible Neck Lights Handsfree Book Light Hanling Read Lamp Portable USB Rechargeab
684a18fef7266b0f4cdcb8bc|28sep-get|2.79|3.51|1.99|2.12|6.9|10|CN|36.0|800|40|frágil|3 in 1 Window Cleaning Squeegee Multi Function Glass Mirror Wiper with Spray Bottle Microfiber Scrub Household
69264a95c7f97f0001401221|28sep-get|3.48|4.58|1.99|0.0|5.47|10|US|26.98|800|40||5.7 Inch Car Drum Brake Repair Install Tool Hold Down Washer Spring Shoe Compressor Brake Spring Washer Worker
69480324ed85a100010ffdb7|28sep-get|1.53|4.93|1.99|1.61|5.13|10|CN|32.4|800|40||Cartoon Cat Egg Couple Socks Cozy Mid-Calf Cotton Socks for Maternity Warm Winter Cute Present for Christmas L
6978bf4b5803770001ef5e62|28sep-get|3.38|11.81|1.99|2.35|7.72|10|CN|29.69|800|40||6mm 6.35mm Shank Biaxial Trimming Tool Double Bearing Carbide Flush Trim Router Bits set for Wood Carving Cutt
69b81e046dc9460001d6beef|28sep-get|3.06|6.11|1.99|2.22|7.27|10|CN|51.46|800|60||New 5pcs 30ml/50ml/100ml Refillable Travel Boats Empty Cosmetic Container Travel Bottles Liquid Cosmetic Stora
69da7e7cb3c918000140d37d|28sep-get|8.09|34.85|1.99|0.0|10.08|10|US|64.79|800|20||DIY Free Bending Universal Spray Kit For Greenhouse Garden Flowers Plant Watering Irrigation Patio Misting Coo
c5015c02ca58db22acd896f3|28sep-get|2.33|2.56|1.99|0.0|4.32|10|US|35.09|800|0||Cute Shaking Sunflower Car Decor Funny Dashboard Ornament for Car Interior Styling
9691190d6cf61136d3d927e5|29sep-get|19.44|20.53|0|8.78|28.22|10|CN|69|800|60|electrónica/batería|Hair Straightener Brush with LCD Display Cordless USB Charging Straightener Portable Mini Straightening Brush 
66f4ded7a7b8f1d9e0f175ce|28sep-get|16.55|17.25|0|0.0|16.55|10|US|53.97|700|60||3m Retractable Dog Leash For Small Dogs Reflective Dual Pet Leash Lead 360 Swivel No Tangle Double Dog Walking
67351d27a1b261295b816b15|28sep-get|1.6|2.98|1.99|0.0|3.59|10|US|33.3|700|40||Luxury 925 Sterling Silver Star Beaded Bracelets For Women Original Designer Double Layered Adjustable Bracele
678d43819ea9a35509ef3862|28sep-get|12.74|13.83|0|6.1|18.84|10|CN|40.45|700|20||AVIVOR Pads Shorts 3D Protective Shorts for Snowboard and Ski Unisex Sports Hip Protection Pad
67b93d0d619cfa904b4d9f5e|28sep-get|4.9|5.17|1.99|2.96|9.85|10|CN|32.37|700|40||Short Ice Silk Knitted Sun Protection Cardigan Women's Thin Summer Suspender Skirt Layered Gauze Jacket Air-co
67c13057815d3d762610fffc|28sep-get|5.43|8.28|1.99|0.0|7.42|10|US|26.9|700|40||Stainless Steel Double Headed Measuring Spoon 9-piece Set with Magnetic Suction and Scale Measuring Spoon Baki
69216c50a2c73b00017d75b8|28sep-get|4.42|13.86|1.99|0.0|6.41|10|US|39.58|700|20|electrónica/batería|New upgraded intelligent sensing solar clip lamp outdoor courtyard lamp garden lighting solar wall lamp
69c2bd6e39d64f0001a46d86|28sep-get|3.08|3.08|1.99|2.23|7.3|10|CN|31.46|700|40||Wholesale Cute Cat Cosplay Costume Black Bat Wings Safety Belt Role Playing Pet Cat Dog Halloween Party Decora
a2451e639bb3fce23820e6dc|29sep-get|7.06|10.71|1.99|3.82|12.87|10|CN|79.5|700|40||200/500cc Car Oil Change Brake Auto Syringe with Hose Manual Fuel Suction & Filler Fluid Extractor Evacuator P
6585fa907c07628ecb99982d|28sep-get|10.66|11.37|0|5.26|15.92|10|CN|29.7|600|60|electrónica/batería|Kinscoter Aroma Diffuser Air Humidifier Ultrasonic Cool Mist Maker Fogger Led Essential Oil Flame Lamp Difusor
658e780e2abb248fbb6feac8|28sep-get|6.44|7.36|1.99|0.0|8.43|10|US|53.98|600|60||New Multifunction Chest Bags Anti Theft Single Crossobdy Bags for Men Waterproof Male Cross Body Messenger Bag
65908886f5e5252f779d427a|28sep-get|21.76|23.66|0|9.7|31.46|10|CN|44.07|600|60||Magnetic Floating Levitation Globe LED World Map Electronic Antigravity Lamp Novelty Ball Light Home Decor Lam
65a19d87c4334f0aa10bfede|28sep-get|8.64|8.64|1.99|0.0|10.63|10|US|55.84|600|60||Aluminum Alloy Laptop Holder Stand Adjustable Foldable Portable for Notebook Computer Bracket Lifting Cooling 
65e6ce9637f11bbabd69bca2|28sep-get|9.52|12.43|1.99|0.0|11.51|10|US|44.99|600|60||80x100 HD ZOOM Powerful Monocular Telescope Portable Binoculars Long Range Telescope Hunting Camping With Trip
66fab7b8a42e671da83aacaa|28sep-get|27.69|40.56|0|0.0|27.69|10|US|71.95|600|40|electrónica/batería|Electric Hair Regrowth Brush with Infrared Light Machine Acupoint Scalp Massage Anti-Hair Loss Exercise Hair S
670cb9f8a6c0e5a935465086|28sep-get|16.55|17.25|0|0.0|16.55|10|US|41.39|600|40||3m Retractable Dog Leash For Small Dogs Reflective Dual Pet Leash Lead 360 Swivel No Tangle Double Dog Walking
69a7241bc0d4f00001617cc4|28sep-get|13.39|13.39|0|0.0|13.39|10|US|44.96|600|60|electrónica/batería|Intelligent vacuum cupping massager - Heating and body gua sha back, neck and arm cupping massager
69ab6debd2c3fc0001609e6b|28sep-get|1.81|1.83|1.99|1.72|5.52|10|CN|26.99|600|40||3 Colors Metal Bracelet Helper Tool Hook Pretty Bracelet Helper Easy Jewelry Wearing Tool Aid Assistance for B
69c3f4697385b1000119589e|28sep-get|13.02|20.17|0|6.21|19.23|10|CN|90.0|600|60|electrónica/batería|Wooden Mushrooms Night Light Touch Switch Bedroom Bedside Table Lamp Walnut Beech Wood Warm Dimmable Desk Ligh
660f4c4c30f5c46150427ca5|28sep-get|1.2|1.96|1.99|1.48|4.67|10|CN|26.95|500|40||Mini Hanger for Wardrobe Connector Hangers Save Wardrobe Space Hook Up Cascading Plastic Coat Organizer Clothi
66ebc3d378a7829e0df11d7f|28sep-get|5.75|6.34|1.99|1.58|9.32|10|ALL|31.46|500|40||Magnetic Car Phone Holder For Vehicles Mobile Support For Magsafe  Car Cell Phone Holder in Car For phone 15 1
68e9227c5071900001b02976|28sep-get|13.23|13.66|0|6.29|19.52|10|CN|62.99|500|20|electrónica/batería|Automatic Electric Dumpling Maker Artifact DIY Machine Mould Pressing Dumpling Skin Manual Mould Rechargeable 
694cef4575eadc0001c75ff9|28sep-get|2.97|3.04|1.99|2.19|7.15|10|CN|40.47|500|40||1PC cleaning brush three in one cup brush water cup cleaning artifact thermos bottle gap U-shaped cup mouth cu
698f2405a78cd500014c6d53|28sep-get|9.63|16.92|1.99|4.85|16.47|10|CN|62.99|500|60||Universal Truck Bed Net Elastic Cargo Mesh Polyester Tailgate Organizer Multi Purpose Light Load Secure Transp
69909083ccab2f0001a3b162|28sep-get|3.89|7.81|1.99|2.56|8.44|10|CN|35.99|500|60||3D Printed Expanded Sensory Fidget Star,Easy-Grip Handles, Whirling Spiral Hexagon Spinner for Stress (Red and
69a33e9b23cc8b000182cfa0|28sep-get|4.56|4.62|1.99|0.0|6.55|10|US|31.47|500|30||Workout Gloves for Men Women Half Finger Glove with Wrist Wrap for Sport Weight Lifting Training Bicycle Motor
69b8dace7a978d0001f8d9d8|28sep-get|1.7|1.72|1.99|1.68|5.37|10|CN|9.11|500|30||2pcs Brooch Anti-exposure Waistband Fixing Buckle Anti-pearl Safety Pin Multifunction Brooches for Women Waist
9f0a81ada9f628723eb0964a|28sep-get|4.48|4.56|1.99|2.79|9.26|10|CN|35.1|500|40||SCVCN Hot Cycling Sunglasses Men Road Driving Bike Glasses Outdoor Sports Mountain Climbing Women Bicycle UV40
693f44b81f7af700018777b3|28sep-get|9.5|43.2|1.99|4.8|16.29|10|CN|125.97|496|60||1pcs Rose Blanket Bouquet With Gift Bag Crochet Handmade Blanket of Roses Birthday Valentine's Day Gift for Gi
6754c0bc18be72b6d463ec00|28sep-get|4.89|5.19|1.99|0.0|6.88|10|US|15.21|468|60||New Home Security Door Lock Aluminum Alloy Anti-theft Door Lock Childproof Door Reinforcement Lock with 3 Inch
6710b7f843c079f46d06d5c4|28sep-get|7.55|7.55|1.99|4.02|13.56|10|CN|33.27|450|20||3 Piece Universal Joint-Socket, Impact Swivel Socket Set, 1/4-Inch, 3/8-Inch, 1/2-Inch Drive Set
685e36ca7bb85fa196faf3c0|28sep-get|1.66|1.92|1.99|1.66|5.31|10|CN|53.99|450|40||DGIDDK Stainless Steel Delicate Vintage Cross Pendant Necklace Simple Fashion Faith For Women Jewelry Daily Co
67e7330e7f320d1dd3f4a5ed|28sep-get|7.24|25.72|1.99|0.0|9.23|10|US|35.99|444|20||YYLM N8 Laptop Stand Aluminum for Macbook Adjustable Portable More Stabe Laptop Stand Cooling Stand Foldable N
65d01edfc9f36584ca6487a5|28sep-get|25.82|25.82|0|11.33|37.15|10|CN|50.84|429|40|electrónica/batería|Rechargeable Underwater Submersible Pool Lights with Remote IP68 Waterproof Color Changing Led Floating Lights
a6eb8956782fee2331f52cbd|28sep-get|6.64|8.27|1.99|3.66|12.29|10|CN|49.49|413|40|electrónica/batería|ROCKBROS Bicycle Wheel Light Smart LED Light 1PCS Warning Light 7 Colors MTB Bike Light Vibration Sensing Ligh
67263fe99474ac4857835f9c|28sep-get|5.79|5.9|1.99|3.32|11.1|10|CN|26.5|408|40||Funny Pop Dad Bod Money Belt Bag Womwn Travel Shoulder Bags Flesh Color Creative Fanny Pack Beer Fat Belly Bum
681b10ed13e9cd0e68f01d75|28sep-get|8.25|28.23|1.99|4.3|14.54|10|CN|52.2|397|60||Cartoon Cute Multi-storey Hamburger Travel Backpack Women Large Capacity Personality Waterproof School Backpac
69a6234a2ac4530001c7b25f|28sep-get|6.69|6.82|1.99|3.68|12.36|10|CN|31.48|377|60||Liquid Slow Dog Bowls  Anti-slip Ball-shaped Bone Soup Dog Licking Bowl Licking Bowl for Healthy Eating Non-Sl
212bd38b97aafc00ff650a8c|29sep-get|2.61|2.61|1.99|2.04|6.64|10|CN|32.99|371|40|electrónica/batería,cosmética|Brangdy Stainless Steel Nose Hair Trimmer Manual Mechanical Shaving Razor Washable Hair Removal Tools with Cle
65a71bc30e7ed5966bc1774c|28sep-get|7.12|7.38|1.99|0.0|9.11|10|US|33.1|365|40||Hand Free Dog Leash for Pet Walking Running Jogging Adjustable Dog Leash Waist Belt Chest Strap Traction Rope 
6585eea0dd4f02b0a4e3f9ea|28sep-get|12.22|12.51|0|5.89|18.11|10|CN|53.99|346|40||LMETJMA Pullman Loaf Pan with Lid 1 lb Non-Stick Bread Pan Carbon Steel Rectangle Corrugated Toast Box Mold Ca
679cf7af3f4ca2ba780db681|28sep-get|29.12|36.89|0|12.65|41.77|10|CN|69.3|343|40|electrónica/batería|Automatic Trash Can with Lid,  Small Plastic Smart Trash Can, Motion Sensor Trash Can for Bedroom, Bathroom, K
67b0b48606306b75dab3f3dd|28sep-get|6.44|6.44|1.99|3.58|12.01|10|CN|26.95|335|20|electrónica/batería|USB Video Capture Card Easy Cap VHS VCR Mini DV Hi8 DVD to Digital Converter RCA/S-video to USB 2.0 Audio Vide
699cfd3d19e1f50001aa2abd|28sep-get|9.01|10.29|1.99|4.6|15.6|10|CN|48.57|330|40||Magnetic Pinch Weld Jack Pad Universal Weld Jack Adapter Lifting Frame Rail Protector for Most Model Cars
69576883590c1300018bd360|28sep-get|18.63|18.63|0|0.0|18.63|10|US|58.5|303|60|electrónica/batería|Cherry Blossom 96 Led USB Tree Branch Rattan Lights 8 Modes Colorful String Lamp Valentine Christmas Wedding B
660ea1048ac4e13b08d10674|28sep-get|12.21|16.83|0|5.88|18.09|10|CN|59.4|297|100||Portable Multifunctional Push-up Board Set With Handles Foldable Fitness Equipment For Chest Abdomen Arms And 
68636fbe91ce39b2a0c7f1ff|28sep-get|15.49|15.49|0|7.2|22.69|10|CN|54.4|296|40|electrónica/batería,cosmética|Intimate Haircut Mens Shaver Razor Sensitive Areas Shaving Machine Men Hair Removal Epilator Trimmer for Bikin
67ffaaaacb014f407e96ef89|28sep-get|6.8|42.12|1.99|3.72|12.51|10|CN|26.99|278|30|electrónica/batería|3 LEDS Solar Outdoor Dandelion Lights, LED Color Scallion Ball Lights, Lawn Lights, for Garden, Patio, Walkway
f6d75ee69437b8970d58aff7|28sep-get|28.56|30.26|0|12.42|40.98|10|CN|67.02|263|60|electrónica/batería|[AI Translator Earbuds]Erazer XP6 Wireless Headphones Gaming Headset Equalizer APP Bluetooth Earphones Waterpr
679743959858628fedb4e3d7|28sep-get|14.34|14.46|0|6.74|21.08|10|CN|35.98|254|20|cosmética|Push Silicone Broom Rubber Scratch Free Bristles Pet Hair Removal Rubber Broom for Floors Carpets Tiles Window
69cfbdd58118780001228f8a|28sep-get|5.94|5.94|1.99|3.38|11.31|10|CN|35.99|235|40||Hand of The Devil Halloween Horror Movie Bookmark Resin Crafts Desktop Decoration Bookmark
667be8cc8c04ac166bff0387|28sep-get|5.09|9.45|1.99|3.04|10.12|10|CN|35.99|226|60||Hand Tapestry Wood Loom Weaving Frame Darning Machine Small Loom For Mending Clothes and Jeans Small Frame Kni
6832bb13c129e0d95f6e937a|28sep-get|6.89|7.9|1.99|3.76|12.64|10|CN|29.61|226|20||650ml Spray Water Bottle Portable Outdoor Sport Water Bottle for Girls Gym Fitness Drinking Drinkware Hiking R
6912febd8cbc4400019e979a|28sep-get|26.7|26.7|0|11.68|38.38|10|CN|62.99|224|60||Creative Birds On Cups Metal Rain Chain Rain Catcher For Gutter Roof Decoration Metal Drainage Rain Chain Down
69706d6adf9f2e0001ccf060|28sep-get|10.04|14.5|0|5.02|15.06|10|CN|47.66|223|40|electrónica/batería|LED Digital Smart Bracelet Waterproof Smart Clock Smartband With Body Temperature Monitor Smart Band Vibration
66b0e2dfd3076db21f0836cc|28sep-get|8.35|8.35|1.99|0.0|10.34|10|US|30.78|218|40||31cm Car Vehicle Drum Brake Line Shoe Return Spring Repair Car Remover Workshop Tool Installer Plier Tools
70e0bc583a36ee6ecb0de21e|29sep-get|4.11|37.74|1.99|2.64|8.74|10|CN|64.99|211|60||1/2/3PCS  Legging Organizer for Closet, Pants Hangers with10 Clips Holds Space Saving Hanging Closet Organizer
69b72f2bff7d640001e58077|28sep-get|26.3|26.3|0|11.52|37.82|10|CN|89.1|205|60|electrónica/batería|Rechargeable Gastly Luminous Humidifier Gastly Purple‑LED Mist Humidifier Haunted Gastly Humidifier Purple Mis
69569c6e77d5d10001c5a795|28sep-get|28.65|31.67|0|0.0|28.65|10|US|88.49|189|0|electrónica/batería|Magnetic Rechargeable 50 Wall Lamp Black Gold For Living Room Bedroom Hallway Study Stairwell Cloakroom LED Li
68737bbd99dc4d6b1532192d|28sep-get|20.16|20.16|0|9.06|29.22|10|CN|30.53|187|40||SEAMETAL 2 IN 1 Car Cup Holder Expander Adapter Base Vehicle Drinking Bottle Phone Organizer for Auto Car Styl
69602103811bb00001332930|28sep-get|29.15|29.38|0|0.0|29.15|10|US|152.99|169|40|electrónica/batería|Electric Heating Shoulder Massage Belt Back Shoulder Brace Shoulder Support Adjustable Led Hot Compress Heatin
66a0e673a86783505b585d67|28sep-get|18.58|18.58|0|8.43|27.01|10|CN|67.5|164|40||Collapsible Telescopic Folding Cane Elder Cane LED With alarm Walking Trusty Sticks Elder Crutches for Mothers
69a5d8e264259a00015272a6|28sep-get|21.63|23.72|0|0.0|21.63|10|US|107.99|156|60|electrónica/batería|Electric Scalp Vibration Massage Comb Infrared Head Knead Massager Red Light Hair Growth Liquid Oil Applicator
65ad749f64dc41e3aee7ac84|29sep-get|5.6|7.93|1.99|3.24|10.83|10|CN|53.99|156|20||Emergency Sleeping Bag Ultra Waterproof Mylar Thermal Blankets Lightweight Survival Sleeping Bag Keep Warm for
69a00ffd67436c00011de095|28sep-get|17.13|18.62|0|7.85|24.98|10|CN|53.18|148|20|electrónica/batería|Electronic Display Badge Bar Bluetooth Smart Cyber Badge 1.85 Inch Hd Touch Screen Images, Gifs Text Short Vid
69ecd800da0a0f0001e40f38|28sep-get|24.22|24.22|0|10.69|34.91|10|CN|84.55|119|40|electrónica/batería|Portable Hydrogen Water Generator Alkaline Maker Rechargeable Water Ionizer Bottle Super Antioxidan Hydrogen-R
68e3c8b06bdea60001c3ca96|28sep-get|17.85|17.85|0|0.0|17.85|10|US|39.49|96|40||Acrylic Paint Brushes Oil Paint Brushes Artist Paint Brushes Set Bag Pack with Scraper 24 Pcs Gouache Wooden H
6550fca7fecb545bf28bcd5d|28sep-get|23.96|23.96|0|10.58|34.54|10|CN|58.48|57|40||Dinosaur Track Cars For Boy Flexible Track with LED Light And sound-Up Race Car Set Anti-gravity Track Train G
65d9fca3f18e0e3fb280a8e9|28sep-get|19.46|19.89|0|0.0|19.46|10|US|52.19|56|20||3m Retractable Dog Leash For Small Dogs Reflective Dual Pet Leash Lead 360 Swivel No Tangle Double Dog Walking
67a297d6ee0b803a4d11f2be|29sep-get|50.1|50.49|0|21.04|71.14|10|CN|109.97|28|60|electrónica/batería|CHUZHAO Mini Retro Digital Camera with 1.54inch Screen 1080p Video 12MP Photos Compact Vintage Portable for Bi
0ddc450540efb998b8712018|29sep-get|12.16|12.16|0|5.86|18.02|10|CN|35.94|7|0|electrónica/batería|1Pack Halloween Spider with 144LED Copper Wire Lights Purple Light Waterproof Battery Powered For Home Outdoor
616fdc13d69d574d0c7ade1e|28sep-sea|6.12|35.44|0|0.0|6.12|5|US|0.0|None|None|cosmética|Burt’s Bees for Pets Tear Free Puppy Shampoo & Conditioner with Buttermilk, 2 in 1 Gentle Dog Shampoo for Pupp
616ff6ea1c53df7c52be9eac|28sep-sea|7.89|7.89|0|0.0|7.89|6|US|0.0|None|None||BAAPET 2/4/5/6 FT Dog Leash with Comfortable Padded Handle and Highly Reflective Threads for Small Medium and 
616ff8ac35314406e085e43d|28sep-sea|4.99|12.99|0|0.0|4.99|2|US|0.0|None|None||CollarDirect Reflective Dog Collar for a Small, Medium, Large Dog or Puppy with a Quick Release Buckle - Boy a
616ffedb2ae5a048f33aad61|28sep-sea|7.78|112.48|0|0.0|7.78|4|US|0.0|None|None||API AQUARIUM SALT Freshwater Aquarium Salt 67-Ounce Box
61703928b01e1589932e4c1f|28sep-sea|1.66|4.05|0|1.17|2.83|10|ES|0.0|None|None||Pet Hair Remover Scraper Dog Cat Hair Cleaning Device Carpet Sofa Car Detail Scraper Pet Lint Removal Silicone
6170b1d5f46490931202e1dd|28sep-sea|0.18|0.76|1.94|1.02|3.14|10|DE|0.0|None|None||Portable Fishing Net Trap Luminous Bead Copper Spring Shoal Netting Fishnet Tackle No Need Hook Fishing Tool
617410f2246cc3c9df8573be|28sep-sea|7.98|13.99|0|0.0|7.98|3|US|0.0|None|None||BlenderBottle Classic Shaker Bottle Perfect for Protein Shakes and Pre Workout, 28-Ounce, Pink
6174110c6c0093361cee1f65|28sep-sea|8.99|8.99|0|0.0|8.99|6|US|0.0|None|None||Protein Shaker Bottle w. Classic Loop Top & Stainless Whisk Ball-Perfect for Protein Shakes and Pre Workout-BP
61741379246cc3c9df8573f5|28sep-sea|3.94|25.4|0|0.0|3.94|3|US|0.0|None|None|cosmética|Dawn Powerwash Spray, Dish Soap, Dishwashing Liquid, Fresh, 1 Starter Kit + 3 Refills, 4x16 Fl Oz
6174159c4050623f7d904379|28sep-sea|6.99|6.99|0|0.0|6.99|1|US|0.0|None|None||Cimkiz Dishwasher Magnet Clean Dirty Sign Easy to Slide Non-Scratching
6186fedda6136407fcf6713c|28sep-sea|11.02|112.2|0|2.1|13.12|10|ES|0.0|None|None||Dog Stairs Anti-slip Removable Pet 3 Steps Stairs For Small Dog Cat Dog House Pet Ramp Ladder Dog Cats Bed Sta
61944acaee56d42bf0a3d596|28sep-sea|9.99|9.99|0|0.0|9.99|1|US|0.0|None|None||SUPJOYES 5 Pairs Fiberglass Chopsticks - Reusable Chopsticks Dishwasher Safe, Japanese Chinese Chop Sticks wit
61944f9a2e509f46e4f38ddd|28sep-sea|4.99|6.99|0|0.0|4.99|3|US|0.0|None|None|electrónica/batería|Smartshake Revive Slayer Shaker Bottles for Protein Mixes 25 oz – Shaker Cup Workout Smart Shaker Bottles With
6194606a1f101845da364a4f|28sep-sea|8.99|8.99|0|0.0|8.99|6|US|0.0|None|None||Fedora Hat Brush Lint Remover Duster Brushes for Felt Hats 100% Horse Hair (Black) Wood Brush
61953cf6a69063a6362c041c|28sep-sea|9.99|9.99|0|0.0|9.99|2|US|0.0|None|None||Boar Bristle Hair Brush set – Curved and Vented for Wet and Dry Detangling Hair Brush for Women Long, Thick, T
6196a400f2a02a78312c93a8|28sep-sea|9.99|9.99|0|0.0|9.99|1|US|0.0|None|None|electrónica/batería|Y-ME Manual Juicer Citrus Lemon Squeezer, Fruit Juicer Lime Press Metal, Professional Hand Juicer Kitchen Tool
6196a7963ec7582a2da7e2b8|28sep-sea|4.79|4.99|0|0.0|4.79|2|US|0.0|None|None||12 Piece 11 Inches Reusable Plastic Straws for Tall Cups and Tumblers 6 Colors BPA-Free Unbreakable Clear Glit
6196a8ebfe49d0727ec29cb9|28sep-sea|8.99|8.99|0|0.0|8.99|2|US|0.0|None|None|electrónica/batería|Metal Lemon Squeezer Lemon Juicer Lime Squeezer, Manual Juicer Citrus Squeezer, Premium Quality Hand Juicer
6196b2624b7301e32e8bb940|28sep-sea|7.59|7.59|0|0.0|7.59|2|US|0.0|None|None||GuDoQi Garlic Press Rocker, Stainless Steel Garlic Mincer Garlic Crusher, Garlic Chooper with Peeler and Scrap
6196b7b89518e03831cdd995|28sep-sea|6.99|19.99|0|0.0|6.99|1|US|0.0|None|None||Walfos Silicone Whisk,Stainless Steel Wire Whisk Set of 3 -Heat Resistant 480°F Kitchen Whisks for Non-stick C
6196ba4d504c4ee74f0c1b73|28sep-sea|5.99|12.99|0|0.0|5.99|1|US|0.0|None|None||MORCART 54Pcs Emoji Refrigerator Magnets Fridge Magnets for Locker Whiteboard Decorative Magnets - Cute Funny 
6196ef19551695a935fdd514|28sep-sea|0.37|2.99|0|1.04|1.41|10|RU|0.0|None|None||Silicone finger resistance band grab finger joint muscle trainer pull ring handle expander Exercise Fitness Eq
6197e0c6e87714281eaa7a12|28sep-sea|6.97|59.97|0|0.0|6.97|2|US|0.0|None|None||Cool Coolers by Fit & Fresh 4 Pack XL Slim Ice Packs, Quick Freeze Space Saving Reusable Ice Packs for Lunch B
6198767b0b47070b09194b1d|28sep-sea|7.69|10.99|0|0.0|7.69|2|US|0.0|None|None||Silicone Spatula 4-piece Set, Heat-Resistant Non-stick Rubber Spatulas with Stainless Steel Core, Orange
619950cc7e2e602cd776dc63|28sep-sea|6.99|24.99|0|0.0|6.99|1|US|0.0|None|None||Cat Litter Mat Litter Box Mat, EVA Honeycomb Double Layer Design, Urine & Waterproof, Scatter Control Kitty Li
619966708b4ddd07089c4396|28sep-sea|7.99|25.99|0|0.0|7.99|4|US|0.0|None|None||Downtown Pet Supply Poop Bags for Dogs with Dispenser, 180 Count - Leak-Proof Dog Waste Bags and Bone-Shaped D
6199be12d453217978a24462|28sep-sea|5.89|20.55|0|0.0|5.89|2|US|0.0|None|None||Pet Qwerks Dinosaur BarkBone - Nylon Dog Bone for Aggressive Chewers - Bacon Flavor - 8.5"
6199bfb34131b595d6051e8b|28sep-sea|7.79|7.79|0|0.0|7.79|7|US|0.0|None|None||eplanita Natural Plant Based Scrub Sponges (3 Pack), Non-Scratch, Biodegradable Eco Scourers for Kitchen and B
6199e74cd06283722f57b8be|28sep-sea|8.09|16.48|0|0.0|8.09|1|US|0.0|None|None||Command Large Matte Black Double Hooks, 2 Hooks and 2 Strips, Damage Free Hanging Wall Hooks with Adhesive Str
6199f6b56c82dccbc547a78b|28sep-sea|9.99|12.99|0|0.0|9.99|2|US|0.0|None|None||Andiker Cat Tunnel for Indoor Cats, 45" Long Rainbow Collapsible Kitten Tube with a Fun Ball and 2 Holes Cat P
619a3608187307adfe955b5a|28sep-sea|6.49|31.5|0|0.0|6.49|2|US|0.0|None|None|cosmética|Natural Dog Company PawTection Dog Paw Wax – Dog Paw Protection for Hot Pavement, Sand, Asphalt & Trails, Waxy
619b1cf59a3dbe011d0eca16|28sep-sea|2.49|4.99|0|0.0|2.49|4|US|0.0|None|None||Wellness Kittles Crunchy Cat Treats, All Lifestages, Kitten to Senior, Natural, Grain Free, Chicken and Cranbe
619b524c70dbe4da856fcf21|28sep-sea|4.99|150|0|0.0|4.99|4|US|0.0|None|None||Skoy Scrub, 4-Pack Reusable, Non-Scratching Dish Scrubber for Kitchen and Household Cleaning, Planet-Friendly,
619b55922e8eb6d138aef74d|28sep-sea|7.99|20.99|0|0.0|7.99|2|US|0.0|None|None||Niubya Premium Cat Litter Mat, Litter Box Mat with Non-Slip and Waterproof Backing, Litter Trapping Mat Soft o
619b5abbf3703c11b5ceac02|28sep-sea|6.99|9.99|0|0.0|6.99|2|US|0.0|None|None||Protein Shaker Bottle w. Classic Loop Top & Stainless Whisk Ball-Perfect for Protein Shakes and Pre Workout-BP
619b6071d5fba9616368b90e|28sep-sea|4.6|27.6|0|0.0|4.6|6|US|0.0|None|None|frágil|Invisible Glass 92194-4PK Premium Glass and Window Cleaner Spray – Cleans Glass, Windows, Mirrors, Shower Door
619b610ff39845571b49e5a5|28sep-sea|8.42|34.66|0|0.0|8.42|6|US|0.0|None|None|frágil|Invisible Glass 91163-3PK Premium Aerosol Glass Cleaner Spray for Car Windshields and Windows, Automotive and 
619b6355b92feaaf894f3e0c|28sep-sea|7.47|7.49|0|0.0|7.47|2|US|0.0|None|None|cosmética|Hair Spray Bottle Continuous Water Mister Spray Empty Ultra Fine for Hair Styling, Pets, Plants, Cleaning, Mis
619b7277a69063a6362c1556|28sep-sea|8.99|23.99|0|0.0|8.99|2|US|0.0|None|None||4Monster Quick Dry Travel Towel with Case & Carabiner – Super Absorbent Microfiber Gym & Camping Towel. Compac
619b72f412bebb3e0665030e|28sep-sea|9.98|44.99|0|0.0|9.98|2|US|0.0|None|None||Homaxy 100% Cotton Terry Kitchen Dish Cloths, Ultra Soft and Absorbent Dish Towels for Kitchen, Suitable for D
619bdab11f2e2892c2e4af18|28sep-sea|6.98|14.99|0|0.0|6.98|5|US|0.0|None|None|frágil|USANOOKS Microfiber Cleaning Cloth Grey - 12 Pcs (12.5"x12.5") - High Performance - 1200 Washes, Ultra Absorbe
619c011f36028d9f437c9d0e|28sep-sea|9.29|78.09|0|0.0|9.29|5|US|0.0|None|None|cosmética|Veterinary Formula Clinical Care Antiseptic & Antifungal Shampoo, 16 oz
619c3193b2874837fd0a6735|28sep-sea|9.99|14.99|0|0.0|9.99|5|US|0.0|None|None||ADOGGYGO Dog Tuxedo Collar with Bow Tie, Wedding Dog Bandana, Black, Large
619c6d4cb7413ece50fd2add|28sep-sea|9.99|9.99|0|0.0|9.99|5|US|0.0|None|None|frágil|Brush-Up Glass Brush with Suction Cup Upright Stays in Sink Bristle Scrub Kitchen Bottle Cleaning Washing (Gre
619dd2ae41e6004467bd3c73|28sep-sea|9.99|9.99|0|0.0|9.99|2|US|0.0|None|None||Holikme Mop Broom Holder Wall Mount Metal Pantry Organization and Storage Garden Kitchen Tool Organizer Wall H
619e020febd06d9539cb27c8|28sep-sea|7.99|7.99|0|0.0|7.99|2|US|0.0|None|None||Dog Birthday Party Supplies Bandana Hat Banner Set Dog Boy Girl Cute Bow Tie Scarf Birthday Decorations (Pink 
619e1c98948e0ac247f93e9b|28sep-sea|7.99|11.99|0|0.0|7.99|2|US|0.0|None|None||Malier 2 Pack Dog Bandanas Christmas Classic Buffalo Red Plaid Pet Scarf Triangle Bibs Kerchief Pet Costume Ou
619e68bb44b9d069f251f0a1|28sep-sea|8.99|12.99|0|0.0|8.99|2|US|0.0|None|None||Diane Neck Duster Brush for Hair Cutting, Removes Loose Hair from Neckline and Ears, Barber Supplies and Salon
619f5d76200003fd7595239c|28sep-sea|4.5|5.5|0|0.0|4.5|2|US|0.0|None|None|electrónica/batería,cosmética|WePet Pet Nail Clippers U07.1, Professional Claw Trimmer, Bended Scissor Special for Cats, Kittens, Dogs, Pupp
619fa306a8cbcedf2cecd601|28sep-sea|8.99|13.99|0|0.0|8.99|2|US|0.0|None|None||WePet Cat Litter Scoop, Non-Stick Plated Aluminum Alloy Sifter, Kitty Durable Metal Scooper, Deep Shovel, Long
619faeb13b138e194ff8693c|28sep-sea|7.99|12.99|0|0.0|7.99|1|US|0.0|None|None||BlenderBottle 2-in-1 Bottle and Straw Cleaning Brush
61a0cf3b472ae972bdbcdbba|28sep-sea|9.99|9.99|0|0.0|9.99|6|US|0.0|None|None||SINLAND Microfiber Cleaning Cloth Ultra Absorbent Softer Towel Reusable Cloth No Streak Lintless Cleaning Clot
61a1712139ef6d445dc2d14f|28sep-sea|9.99|12.99|0|0.0|9.99|1|US|0.0|None|None||2 Pcs Clip on Strainers, Pot Strainer for Pasta Meat Vegetables Fruit, Silicone Strainer - Fit All Pots and Bo
61a1872a4e970776d43ccc98|28sep-sea|8.99|18.99|0|0.0|8.99|2|US|0.0|None|None||Digital Kitchen Timer - Magnetic Countdown With Loud Alarm, Stainless Steel for Cooking, Baking, Sports Games
61a5a3a61694388a4de5e5d6|28sep-sea|7.99|13.99|0|0.0|7.99|5|US|0.0|None|None||Skoy Cloth, 4-pack Versatile Swedish Dishcloths for Kitchen and Household Use, Reusable Cleaning Cloths, Plane
61a5d30255442aa6fb9480d6|28sep-sea|6.99|10.99|0|0.0|6.99|2|US|0.0|None|None||Dog Clothes Puppy Shirts I Love My Mom Dog T Shirt for Small Dogs, Small, Grey
61a618f560b6f90ac36aced1|28sep-sea|7.99|9.99|0|0.0|7.99|2|US|0.0|None|None||Scrub Brush, 2 Pack Household Cleaning Brushes with Stiff Bristles, Scrubbing Brush for Carpet, Shower, Bathtu
61a6191c418bb27adfe86d6d|28sep-sea|7.63|375.16|0|0.0|7.63|4|US|0.0|None|None||Arm & Hammer for Pets Tartar Control Dog Dental Care Kit, Banana Mint Flavor Toothpaste with Baking Soda, Doub
61a63abbdcf5d86c749ed34b|28sep-sea|8.99|19.99|0|0.0|8.99|6|US|0.0|None|None||Scouring Pads - Heavy Duty Household Cleaning Scrubber with Non-Scratch Anti-Grease Technology - Reusable Scru
61a71dc31873ea8c37643300|28sep-sea|9.99|9.99|0|0.0|9.99|2|US|0.0|None|None||Dog Collar for Small-Medium-Large Dogs Floral Pattern for Girl boy Dogs Medium (M(Neck 13.1''-19'', Width 3/4'
61a7a7d9129bb1e258c9344e|28sep-sea|7.98|15.98|0|0.0|7.98|1|US|0.0|None|None||Mihqy Christmas Dog Collar - Premium Adjustable Dog Collar for Small Medium Large Dogs (Christmas, S)
61a7ccb1a7ec1537f744f93d|28sep-sea|6.79|6.99|0|0.0|6.79|2|US|0.0|None|None||Joytale Upgraded Cat Collar with Bells, Breakaway Cat Collars with Bow Tie, 1 Pack Girl Boy Safety Plaid Kitte
61d691f6a35c3b0ec3d2997e|28sep-sea|8.39|29.99|0|0.0|8.39|5|US|0.0|None|None||Pogi’s Dog Poop Bags – Leak-Proof & Extra Thick Pet Waste Bags (Fresh Scent, 10 Rolls, 150-Count)
620aa0e8f9b941630acbd643|28sep-sea|6.99|78.99|0|0.0|6.99|6|US|0.0|None|None|electrónica/batería,frágil|DOMICARE 12oz Wine Tumbler with Lid Stainless Steel Wine Tumbler Cups Vacuum Insulated Wine Tumbler Double Wal
620acc9539f9bd0e361a4d79|28sep-sea|9.99|59.99|0|0.0|9.99|5|US|0.0|None|None|electrónica/batería|VEGOND 12oz Tumbler Stainless Steel Tumbler bulk Vacuum Insulated Double Wall Travel Tumbler with Lid and Stra
620adb6b49ecb74b5a2624b0|28sep-sea|9.99|9.99|0|0.0|9.99|2|US|0.0|None|None||KAF Home Pantry 100% Cotton Checkered Grid Dish Cloths | Set of 6, 12 x 12 Inches | Absorbent and Machine Wash
620bde67f906784f29c29ff8|28sep-sea|8.99|8.99|0|0.0|8.99|2|US|0.0|None|None||Shelf Liner Drawer Liner, 12IN x 10FT Non Slip Non Adhesive Cabinet Liner for Kitchen, Refrigerator, Drawer - 
620c04e9d1a5cb778ad95efe|28sep-sea|7.99|16.99|0|0.0|7.99|2|US|0.0|None|None|cosmética|Makeup Remover Cloth, 6" x 6" Make Up Towels Reusable Face Cloth for Washing Face, Makeup Remover Pads Microfi
620c0b8a245ebbb7b440a584|28sep-sea|7.99|7.99|0|0.0|7.99|2|US|0.0|None|None|frágil|3 Pieces Bling Rhinestones Pet Collars Glitter Pendant Dog Collars Adjustable Crystal Cat Collar Elastic Pet N
6231eb0e0ec4b3e9048701d0|28sep-sea|7.69|7.99|0|0.0|7.69|4|US|0.0|None|None|cosmética|Upgrade 2 in 1 Bath and Shampoo Body Brush, Silicone Exfoliating Body Scrubber for Use in Shower, Premium Sili
62345d94dd4cc8bfe9462d5f|28sep-sea|7.99|18.99|0|0.0|7.99|5|US|0.0|None|None||AIDEA Car Wash Mitt Microfiber, 2PK Scratch Free Lint-Free, Premium Chenille Microfiber Mitt Car Wash Brush, G
62346d32b64bd140c724ccd4|28sep-sea|5.99|18.99|0|0.0|5.99|2|US|0.0|None|None||Elegant little tail Christmas Dog Collar, Pet Collar Soft with Comfy Bowtie Dog Collars Holiday Adjustable Pet
624011b146f59a00ae5b2084|28sep-sea|7.46|21.99|0|0.0|7.46|6|US|0.0|None|None||Beef & Banana 5 oz. Dog Jerky Treat | Human Grade | High Protein
628ec8ef3463445482a1d183|28sep-sea|0.07|5.5|0|0.0|0.07|10|US|0.0|None|None|electrónica/batería|Electric Toothbrush Head Charger Holder Plastic Support Stand Brush Charger Holder Storage Organization
62a9946a62c1bcd70fea6a40|28sep-sea|350.9|431.71|0|141.36|492.26|9|CN|0.0|None|None||For Mitsubishi Outlander 3 2012 - 2018 Android Car Radio Stereo Multimedia Player 2 Din Autoradio GPS Navi Uni
62acd0bb6915562b9860a762|28sep-sea|9.99|11.99|0|0.0|9.99|5|US|0.0|None|None|electrónica/batería|Light Up Dog Collar - Waterproof LED Pet Collar Rechargeable, TPU Cuttable Glow in the Dark Dog Lights for Nig
62ae2798ecd0012d841f114d|28sep-sea|8.99|9.99|0|0.0|8.99|5|US|0.0|None|None|cosmética|Chloven 25 Pack Charcoal Bamboo Reusable Makeup Remover Pads - Bamboo Reusable Cotton Rounds for Toner, Washab
62b65419a605e9e179a90527|28sep-sea|0.48|8.45|0|0.0|0.48|10|US|0.0|None|None||Dunlop Woods Valve Cores Convenient Replace Bicycle Accessories with Caps for Bike Bicycle Inner Tube Pack of 
62b887cb92665140a61278c8|28sep-sea|4.99|9.99|0|0.0|4.99|2|US|0.0|None|None|frágil|CHUKCHI Pink Soft Velvet Safe Cat Adjustable Collar with Crystal Heart Charm and Bells 8-11 Inches(Black+Red+P
62c46b71d400b5ccdc798a18|28sep-sea|7.99|9.99|0|0.0|7.99|6|US|0.0|None|None|cosmética|HEETA Scalp Massager Hair Growth, Soft Silicone Scalp Scrubber Shampoo Brush for Exfoliation, Dandruff Removal
656ca67c7dc9351b4121fd87|28sep-sea|8.35|58.99|0|0.0|8.35|4|US|0.0|None|None||Four Paws Wee-Wee Superior Performance Unscented Puppy Pee Pads for Dogs & Puppies, Quilted Leak-Proof Dog Hou
656ca8f2aaef8d5fc9fe7ef6|28sep-sea|9.99|11.99|0|0.0|9.99|2|US|0.0|None|None|electrónica/batería|Colaseeme Light Up Dog Collar, USB Rechargeable LED Glow Necklace, Cyan | Waterproof IP67, Cut-to-Fit TPU, 360
65709f4011c93f2b2ee6c7fe|28sep-sea|3.98|40.58|0|0.0|3.98|5|US|0.0|None|None||API TAP WATER CONDITIONER Aquarium Water Conditioner 1-Ounce Bottle
6573f6caa9bfeca7d2cdd689|28sep-sea|9.99|12.99|0|0.0|9.99|2|US|0.0|None|None|electrónica/batería|Light Up Dog Collar for Small Dogs, Reflective LED Dog Collar Rechargeable Puppy Collar Glowing Cat Collars Sa
657400779c299a6834a7be63|28sep-sea|8.49|28.99|0|0.0|8.49|2|US|0.0|None|None||BV 60ft Aerial Pet Trolley System with 10ft Pulley Lead - Heavy Duty Dog Tie Out for Yard up to 125 lbs, Refle
6585fc72396c8232097793e7|28sep-sea|2.99|5.43|1.99|0.0|4.98|10|US|0.0|None|None||75x35 60x40cm Microfiber Car Wash Towel Fast Drying Auto Cleaning Extra Soft Cloth High Water Absorption For C
658d3f1b7651d4c466f80c98|28sep-sea|4.06|7.95|1.99|2.62|8.67|10|CN|0.0|None|None||Microfiber Towel Car Wash Accessories 100X40cm Super Absorbency Car Cleaning Cloth Premium Microfiber Auto Tow
65b3ca8f7e9b1e9cdeeed3ec|28sep-sea|8.49|8.94|20.7|4.4|33.59|6|CN|0.0|None|None|electrónica/batería|Vaccum Cleaner Robot Smart Home Automatic Vacuum Cleaner
65b3d32a58677f224855da17|28sep-sea|5.03|7.01|22.8|3.01|30.84|7|CN|0.0|None|None|electrónica/batería|Home Cleaning Robot Vacuum Cleaner Robot Mops Floor Cleaning Robot Vaccum Cleaner
65b40cdfc572e5b7c6e4ab1c|28sep-sea|9.89|9.89|6.99|0.0|16.88|1|US|0.0|None|None||YOYTOO 5 Tier Shoe Rack, Stackable Metal 15 Pairs Shoes Organizer Storage Shelf for Closet Door Entryway
65b476cdfbf6f21423698592|28sep-sea|5.99|5.99|15.25|3.4|24.64|6|CN|0.0|None|None||Luxury cat bed sofa suitable for Sphinx cats and small cats
65bda02a3af6af3a7ce8e564|28sep-sea|5.77|9.87|6.99|0.0|12.76|1|US|0.0|None|None||Charmin Essentials Strong Toilet Paper 12 Mega Rolls, 429 Sheets Per Roll
6624ab4be633a438779a6832|28sep-sea|6.98|38.89|0|0.0|6.98|1|US|0.0|None|None||Cottonelle Ultra Soft Toilet Paper, 12 Mega Rolls
6671c08d2bed73f631ab9bda|28sep-sea|1.97|23.44|1.99|1.79|5.75|10|CN|0.0|None|None||Microfiber Towel Car Microfiber Cloth Wash Towel Microfiber Cleaning Cloth Car Wash Drying Towel Auto Detailin
667f65138c269e942b89e599|28sep-sea|1.31|7|1.99|0.0|3.3|10|US|0.0|None|None||Car Wash Microfiber Towel 30x30/60CM Car Cleaning Drying Cloth Hemming Car Care Cloth Detailing Car Wash Towel
668228063b4ed7a2718d588f|28sep-sea|4.06|7.95|1.99|2.62|8.67|10|CN|0.0|None|None||Microfiber Towel Car Wash Accessories 100X40cm Super Absorbency Car Cleaning Cloth Premium Microfiber Auto Tow
66c66205210893c3eeed14b4|28sep-sea|3.7|3.7|6.99|0.0|10.69|8|US|0.0|None|None||12 Pcs Nano Sparkle Cloth for Car Scratches, Nano Magic Cloth,Nano Sparkle Cloth Scratch Remover Easily Repair
66fdf8f2fef0f8c6110e683b|28sep-sea|4.49|4.49|0|0.0|4.49|7|US|0.0|None|None|electrónica/batería|Lint Remover Clothes Fuzz Shaver Reusable Double Sided Lint Remover
670d687d3c3e4f003c231a6e|28sep-sea|1.61|8.45|1.99|1.64|5.24|10|CN|0.0|None|None|electrónica/batería|2/3/5/10/20 pcs Reusable Car Vacuum Cleaner Replace Accessories Washable Filters Handheld Vacuum Cleaner Acces
671270325777b34dbeb2c852|28sep-sea|1.22|1.22|1.99|1.49|4.7|10|CN|0.0|None|None||Microfiber Wool Soft Auto Car Washing Glove Cleaning Car Cleaning Glove Motorcycle Washer Care Car Paint Wash 
672c440e89b139247f0a959f|28sep-sea|8.49|8.94|20.7|4.4|33.59|6|CN|0.0|None|None|electrónica/batería|Vaccum Cleaner Robot Smart Home Automatic Vacuum Cleaner
6739aba393e735c0d1951c10|28sep-sea|10|10|6.99|0.0|16.99|1|US|0.0|None|None|electrónica/batería|Cordless Fabric Shaver, Rechargeable Lint Remover, Electric Lint Shaver Sweater Defuzzer with 2 Replaceable St
67525d571ee60398e0e3d893|28sep-sea|8.99|8.99|0|0.0|8.99|2|US|0.0|None|None|electrónica/batería,cosmética|Face Scrubber | Facial Cleansing Brush Exfoliator Skin Care Products Beauty Products Powered Electric Wash Exf
67525d7abe92865140c15847|28sep-sea|5.97|18.29|0|0.0|5.97|1|US|0.0|None|None|cosmética|rosenice Gua Sha Facial Tools Guasha Tool Gua Sha Jade Stone Manual Massage Sticks for Jawline Sculpting and P
67525dc0990a1dbfb8531d6b|28sep-sea|5.69|7.99|0|0.0|5.69|2|US|0.0|None|None|cosmética|MUIIGOOD Silicone Face Scrubber Face Mask Brush Exfoliating Lip Cleansing Facial Cleansing/Wash Brush Exfoliat
67525e1aa33e01e9b875ae90|28sep-sea|5.92|5.92|0|0.0|5.92|6|US|0.0|None|None|cosmética|LUDOUPIER [4+1 Pieces] Tweezers Set with Travel Case, Great Precision Upgrade Professional Anti-rust Alloy Twe
67525ebe785ccdb4350de2fa|28sep-sea|9.99|9.99|0|0.0|9.99|6|US|0.0|None|None|electrónica/batería|Fade Wrinkles Skin Tightening Electric Beauty Device.
675260992283d609937c3f99|28sep-sea|4.99|4.99|0|0.0|4.99|7|US|0.0|None|None|cosmética|Facials Ice Roller, Ice Roller for Face/Body/Neck, Face Roller Massager for Daily Beauty Skin Care
675260ef66d2d0193cd4f401|28sep-sea|9.99|9.99|0|0.0|9.99|5|US|0.0|None|None||2 Pack Ice Roller for Face Ice Cube Roller Tool for Face Neck and Body, Face Ice Roller Tones Skin Eliminates 
675260f848609f486d3219b7|28sep-sea|6.99|15.39|0|0.0|6.99|2|US|0.0|None|None|frágil|12.6"L x 9"W Hand Mirror, Handheld Mirror with Handle for Salon, 3pcs
67526123a26f6af3895df0b8|28sep-sea|4.99|13.99|0|0.0|4.99|6|US|0.0|None|None|cosmética|Ethereal Small Makeup Bag, 2 Layers Travel Makeup Bag with Makeup Brush Holder, Cosmetic Bag Black Make up Pou
67526131eb61382537216202|28sep-sea|9.99|19.99|0|0.0|9.99|3|US|0.0|None|None|cosmética|BAGSMART Travel Makeup Bag, Cosmetic Bag Make Up Organizer Case,Large Wide-open Pouch for Women Purse for Toil
6752615a4cf782b5b8b0a5dd|28sep-sea|7.99|7.99|4.54|0.0|12.53|4|US|0.0|None|None||Double head Face Roller with Rose Quartz + Volcanic Stone. Bamboo Face Roller Oil Absorbing Roller with Natura
6752619da7f0a30db343ba59|28sep-sea|9.79|9.79|0|0.0|9.79|2|US|0.0|None|None|cosmética|Uonlytech Ice Roller 2Pcs Facial Tools, Green Jade Quartz Massage Rollers Stones Scraping Massage Tool for Wom
675261de563e56b06abf75eb|28sep-sea|7.99|8.99|0|0.0|7.99|2|US|0.0|None|None|cosmética|LieToi Preppy Patch Small Toiletry Bag Smile Lightning Heart PU Leather Portable Waterproof Makeup Cosmetic Ba
675261e8e6f6f186110ebc51|28sep-sea|8.99|8.99|0|0.0|8.99|6|US|0.0|None|None|cosmética|Heavy Duty Clear Travel Toiletry Makeup Bags Transparent Shaving Bag Water Resistant Cosmetic Bag Organizer Po
6752628e41bf1751a83c371e|28sep-sea|9.45|9.45|0|0.0|9.45|10|US|0.0|None|None|cosmética|Facial Skin Care Tools 4030
67526299c794f6ad277da1b2|28sep-sea|5.99|5.99|0|0.0|5.99|5|US|0.0|None|None|cosmética|Ice Roller for Face-Face Ice Roller, Ice Roller for Face Women, Bubble Skincare Set, Refreshing Ice Face Rolle
675262a2c794f6ad277da1b3|28sep-sea|7.99|7.99|0|0.0|7.99|2|US|0.0|None|None||4Pcs Clear TSA Approved Security Toiletry Bag Quart Size for EU UK & US Carry-on Regulations Waterproof & Leak
675263059fda13b454235564|28sep-sea|7.99|59|0|0.0|7.99|2|US|0.0|None|None|frágil|Mirrorvana Pack of 5 Large & Comfy Hand Held Mirror (Black)
675263248bee9a521c9eb675|28sep-sea|6.99|9.99|0|0.0|6.99|3|US|0.0|None|None|cosmética|Christian Gifts for Women, African American Makeup Bag for Purse, Afro Black Cosmetic Bags for Women, Inspirat
675263e69af77a0ecf216b13|28sep-sea|8.99|9.99|0|0.0|8.99|2|US|0.0|None|None|cosmética|Mossio Hanging Toiletry Bag - Large Cosmetic Makeup Travel Organizer for Men & Women with Sturdy Hook
6752661c6a52b55097c33b52|28sep-sea|7.79|7.79|0|0.0|7.79|10|US|0.0|None|None|cosmética|FRCOLOR 2pcs Massager Massage Roller Massage Beauty Tool Skin Care Tool Beauty Tools Face Eye Ice Roller Face 
67526c1d96ca894b59b0e033|28sep-sea|6.99|9.99|0|0.0|6.99|2|US|0.0|None|None|cosmética|Blue Leaves Engagement Gifts for Her,Bridal Shower Gifts-I Do-Bride Gifts,Makeup Bag Make Up Pouch Bride To Be
6752965ab3936ad7ee67d7f3|28sep-sea|8.48|24.98|0|0.0|8.48|5|US|0.0|None|None|cosmética|Fast Orange Permatex 25217 Pumice Lotion, Heavy Duty Hand Cleaner, Natural Citrus Scent, Waterless Cleaner For
67529758e8c6a95883aaae4d|28sep-sea|6.96|7.68|0|0.0|6.96|5|US|0.0|None|None||Durable Black Felt Edge Vinyl Squeegee Tool 4-Inch, Car Vinyl Film Wrapping Decal Window Tint Work, Profession
67529fac2d22585ee1eb9e3d|28sep-sea|7.99|7.99|0|0.0|7.99|2|US|0.0|None|None|frágil|Car Rearview Mirror Wiper, Retractable Auto Glass Squeegee, Water Cleaner with Telescopic Long Rod, Portable C
67529fb8908aaf6b73e16ed6|28sep-sea|7.99|7.99|0|0.0|7.99|5|US|0.0|None|None||Nurkul 11Pcs Auto Detailing Set, Boar Hair Brushes, Steel Wire & A/C Brushes, Red, Soft Bristles, Wood Handles
67529fb90439817b41056ec3|28sep-sea|9.99|18.99|0|0.0|9.99|3|US|0.0|None|None||Mothers Car Wash Brush, Wheel and Fender Brush, Short Handle Tire Cleaner for Car Detailing, 10 Inch, Red/Blac
67529fba495acd12b36ac26f|28sep-sea|3.99|6.99|0|0.0|3.99|2|US|0.0|None|None||Car Interior Cleaning Brush, Car Duster Interior,Car Detailing Brush Dusting Brush,Car Interior Cleaning Tool,
6752a1a1908aaf6b73e16eef|28sep-sea|2.99|5.39|0|0.0|2.99|4|US|0.0|None|None||Zlirfy Car Interior Detailing Brush,Car Cleaning Brush Dust Collectors,Soft Bristle Cleaning Brush Car Detaili
6752a7208550c134c37a2665|28sep-sea|6.47|47.88|0|0.0|6.47|5|US|0.0|None|None||Rust-Oleum 2081830-6PK Stops Rust Automotive Primer Spray, 12 oz, Flat Light Gray, 6 Pack
6752a72b9d777ace704cee91|28sep-sea|7.98|20.94|0|0.0|7.98|4|US|0.0|None|None||Mothers California Gold Instant Detailer, 16 oz. – Removes Smudges, Dust & Fingerprints, Boosts Gloss & Slickn
6752ac6e7b9bdcefa0c8f05f|28sep-sea|9.99|9.99|0|0.0|9.99|7|US|0.0|None|None||Car Detailing Brushes - Luxury Car Interior and Exterior Detailing Brush Set - Best Car Detailing Brushes - Pr
6754d3610e69d096dac9b23d|28sep-sea|3.99|3.99|0|0.0|3.99|2|US|0.0|None|None|cosmética,frágil|Compact Vanity Mirror for Men, Black, Travel Makeup Mirror for Handbag Pocket Wallet, Portable Double-Sided Ma
6754d4865db4dfae064070f1|28sep-sea|9.99|13.99|0|0.0|9.99|2|US|0.0|None|None|cosmética|Wandering Nature Makeup Bag, Women Travel Make Up Vanity Case with Handle | Portable Make Up Essentials Organi
6754d4a5894785437517d457|28sep-sea|9.99|13.99|0|0.0|9.99|2|US|0.0|None|None|cosmética|FERYES Large Travel Makeup Brush Holder, Magnetic Anti-fall Out Silicon Portable Cosmetic Face Brushes Holder,
6754dd4757e6b7187a8ad4bd|28sep-sea|6.99|6.99|0|0.0|6.99|6|US|0.0|None|None|cosmética|Blue Leaves Sister Gifts from Sister, Brother,Sister Birthday Gift-Rakhi Gift Funny Best Sister Gifts For Soul
6754ddb60c2ad9d9f27e584d|28sep-sea|7.64|7.64|0|0.0|7.64|2|US|0.0|None|None|cosmética|Blue Leaves Coworker Gifts for Women - Funny Birthday, Going Away, Coworker Leaving Gifts,Retirement Gifts,Col
6754e17c1e36dd656adb468e|28sep-sea|8.89|8.89|0|0.0|8.89|9|US|0.0|None|None|cosmética|FOMIYES Facial Massager Massage Tool Facial Roller Jade Face Masaager Massage Roller for Face Eye Care Massage
6754e1f79b549933a4317087|28sep-sea|5.99|5.99|0|0.0|5.99|4|US|0.0|None|None||SurgiMac Blackhead Remover Pimple Popper Tool, Acne Comedone Extractor, Blemish Whitehead Zit Removing Tool fo
6754e2df0c8258233bde276a|28sep-sea|9.99|9.99|0|0.0|9.99|6|US|0.0|None|None|cosmética|Sea Turtle Gifts for Women Girls,Makeup Bag Gifts forSummer Beach Turtle Lovers,Trust the Journey Beach Leathe
6754e2e04fefe47d8839ca52|28sep-sea|7.99|7.99|0|0.0|7.99|5|US|0.0|None|None|cosmética|Christian Pink Coquette Bow Cosmetic Makeup Bag,Inspirational Christian Gifts Bag Aesthetic Travel Toiletry Po
67551dea55246fbb48f5d5d1|28sep-sea|8.53|39.99|0|0.0|8.53|4|US|0.0|None|None||Mothers California Gold Brazilian Carnauba Cleaner Wax, 16 oz. — Cleans & Waxes in One Step, Removes Oxidation
67551e1d1d6636e8e89e11ec|28sep-sea|8.99|98.1|0|0.0|8.99|6|US|0.0|None|None||Stoner Car Care 91034-12PK Trim Shine – Black Trim and Plastic Restorer for Cars – Vinyl and Plastic Trim Prot
675522e055246fbb48f5d614|28sep-sea|9|89.21|0|0.0|9.0|2|US|0.0|None|None|cosmética|GOJO Natural Orange Pumice Hand Cleaner, 2000 mL, Quick Acting Lotion, Refill PRO TDX Dispenser, Pack of 4
675526d5e137a498d01f05c7|28sep-sea|7.56|26.95|0|0.0|7.56|5|US|0.0|None|None||Permatex 81630 Ultra Red High Temperature Gasket Maker, 3 oz
6755270716c838f57caa4944|28sep-sea|6.99|9.49|0|0.0|6.99|2|US|0.0|None|None||GH1200-6gx2 Pack Thread Lock Medium and Strong Strength for Nuts, Bolts, and Metals, Threadlocker Lock Tight &
677820886f6e36c2e15cab19|28sep-sea|1.99|3.28|1.99|0.0|3.98|10|US|0.0|None|None||30*30cm Microfiber Car Cleaning Towels Car Wash Drying Cloth Hemming Microfiber Towel Care Wash Cloth Car Deta
677cdc987d07d4c0125e6092|28sep-sea|4.19|4.19|5.99|0.0|10.18|1|US|0.0|None|None||Scrub Daddy Heavy Duty Scouring Pad - 2ct: Foam, Steel Material
678fafa67ed0aae5be0c3006|28sep-sea|4.54|9.08|6.99|0.0|11.53|1|US|0.0|None|None||(2 pack) Tuff Stuff Multi Purpose Foam Cleaner for Car Detailing, 22 oz
679b19de7f784850aae11781|28sep-sea|8.74|8.74|1.99|4.5|15.23|10|CN|0.0|None|None|electrónica/batería|New Power Scrubber 5 Replaceable Brush Heads Electric Spin Scrubber Bathroom Cleaning Brush Power Scrubber Ele
67af8c4ecd2b71804db5e099|28sep-sea|5.03|7.17|10.9|3.01|18.94|6|CN|0.0|None|None||Beauty Steamer
67b6643102df4f530dbafce0|28sep-sea|3.32|3.32|5.59|2.33|11.24|6|CN|0.0|None|None||Car type soft hair car wash cleaning gloves car motorcycle car wash car care cleaning tools
67e6a60a693e5e657ae8a3c0|28sep-sea|0.66|3.77|10.57|1.26|12.49|10|CN|0.0|None|None|cosmética,frágil|1PC Metal Ultra-thin Mini Makeup Mirror Portable Stainless Steel Compact Pocket Hand Personalized Beauty Cosme
67e6c557d9ee810506c37d5d|28sep-sea|0.66|3.77|10.57|1.26|12.49|10|CN|0.0|None|None|cosmética,frágil|1PC Metal Ultra-thin Mini Makeup Mirror Portable Stainless Steel Compact Pocket Hand Personalized Beauty Cosme
67e7cf094303acb817f6e687|28sep-sea|7.99|12.99|0|0.0|7.99|1|US|0.0|None|None||Handy Laundry Collapsible Mesh Pop Up Hamper with Wide Opening and Side Pocket - Breathable, Sturdy, Foldable,
67e7cf59a4ce8fe6d30b4d4c|28sep-sea|3.21|12.41|0|0.0|3.21|4|US|0.0|None|None||Command Medium Designer Hooks, 2 Hooks and 4 Strips, Damage-Free Hanging Wall Hook with Adhesive Strips, Adhes
67e7d0d9be745af4f85d0f2d|28sep-sea|5.63|5.63|0|0.0|5.63|2|US|0.0|None|None||Chef Craft Select Plastic Scoop, 1 Cup, White
67e7d13973357f7236c236c8|28sep-sea|6.99|21.99|0|0.0|6.99|1|US|0.0|None|None||Bathroom Organizers and Storage,4 Pack Bathroom Accessories,Bathroom Decor,Home Decor,Bathroom Storage and Org
67e7d165aa1005ead4eea68d|28sep-sea|5.99|9.99|0|0.0|5.99|1|US|0.0|None|None||Muchfun 3Pcs Durable Honeycomb Mesh Laundry Bags for Delicates 16x20 Inches | (3 Large)
67e7d24c210d876de906d581|28sep-sea|8.99|35.99|0|0.0|8.99|1|US|0.0|None|None||WOWBOX Shower Caddies 2 Pack - Adhesive Hanging Shower Shelf - Bathroom Organizers and Storage, No Drilling St
67e7d277ce16c02f2ebbb50c|28sep-sea|9.89|86.99|0|0.0|9.89|1|US|0.0|None|None||Antimbee 10-Pack All-Purpose Large Adhesive Hooks for Hanging, Banana Hook, Heavy Duty Adhesive Hooks 37 lb(Ma
67e7d345ab751a57bb8ff13a|28sep-sea|5.98|39.99|0|0.0|5.98|1|US|0.0|None|None|frágil|KElofoN Travel jewelry case Travel jewelry box Travel Jewelry Organizer Small box Gift for Girls Women with Mi
67e7d4c0f30b0d30b4353555|28sep-sea|6.59|7.99|0|0.0|6.59|1|US|0.0|None|None|frágil|BEUNAIZER Jewelry Dish Tray, Ring Dish, Ceramic Trinket Tray, Key Bowl, Decorative Plate, for Friends Sisters 
67e7d64bab751a57bb8ff141|28sep-sea|3.99|18.99|0|0.0|3.99|1|US|0.0|None|None||MFXIP Travel Jewelry Case Small Jewelry Box Jewelry Organizer Storage Case Portable PU Leather Mini Jewelry Tr
67e7d677236567aa15294aff|28sep-sea|5.99|31.99|0|0.0|5.99|1|US|0.0|None|None||Boot Hangers Clips, 16 Pack Laundry Hooks Hanging Clips Clothes Pins Closet Hanger Organizer Clamps Socks Towe
67e7d6a15174cdcd321203d3|28sep-sea|9.99|29.99|0|0.0|9.99|2|US|0.0|None|None||voze 5 Racks and 4 Hooks Mop and Broom Holder Wall Mount, Self Adhesive Heavy Duty Broom Hanger Organizer Stor
67e7d6d90f48309fdb7183b4|28sep-sea|4.97|11.97|0|0.0|4.97|1|US|0.0|None|None||Command Bath Large Towel Hook Value Pack, Clear Frosted, 3-Large Hooks, 3-Water-Resistant Strips, Organize Dam
67e7d73bab751a57bb8ff143|28sep-sea|8.99|54.99|0|0.0|8.99|1|US|0.0|None|None||Purawood Bamboo Drawer Organizer - Expandable Silverware Organizer & Utensil Drawer Organizer, Cutlery Tray wi
67e7d7c538abf6cdee9f9992|28sep-sea|9.99|18.99|0|0.0|9.99|2|US|0.0|None|None||BB Brotrade Hanging Jewelry Organizer,Accessories Organizer,80 Pocket Organizer for Holding Jewelries（Beige）
67e7d85dfb4d4dd0593f76c5|28sep-sea|3.28|5.98|0|0.0|3.28|1|US|0.0|None|None||Command Designer Bath Hooks, Medium, White, 2-Hooks with Water-Resistant Strips (17081B-ES), Organize Your Dor
67e7d8b116b316e395b5e7bd|28sep-sea|5.49|35.99|0|0.0|5.49|2|US|0.0|None|None||VLANDO Travel Jewelry Case - Teacher Appreciation Gifts for Women - Small Jewelry Travel Organizer Box Travel 
67e7d8b445acee90be96eb8a|28sep-sea|6.16|6.16|0|0.0|6.16|5|US|0.0|None|None||Command Bathroom Hook with Water-Resistant Strips, 1-Hook, 2-Strips, Organize Damage-Free
67e7d935d182b13e57f28851|28sep-sea|9.99|13.99|0|0.0|9.99|1|US|0.0|None|None||12 PCS Travel Hangers - Cruise Ship Essentials Portable Folding Clothes Hangers Travel Essentials Foldable Clo
67e7db787e193a22eda3c7bf|28sep-sea|9.99|9.99|0|0.0|9.99|2|US|0.0|None|None||ByKen 2PcS Acrylic Scrunchie Holder Organizer,Hair Ties Holder for Bathroom,Clear Hair Accessories Bowknot Org
67e7db84b6814e7d9d82cdc3|28sep-sea|7.99|8.99|0|0.0|7.99|2|US|0.0|None|None||Dial Industries Small Cutlery, Utensil, Silverware Kitchen Drawer Organizer Tray, Black
67e7db9533096f5a8a458b3e|28sep-sea|9.99|22.99|0|0.0|9.99|2|US|0.0|None|None|frágil|Syntic Square Liter Glass Milk Bottles with Airtight Lid - 100% Airtight Heavy Duty Screw Lid, 32 Oz Glass Jui
67e807836296742968ca1ceb|28sep-sea|2.99|6.99|0|0.0|2.99|2|US|0.0|None|None|cosmética,frágil|JMU Tooth Shaped Handheld Mirror Cute Makeup Mirror Hand Held Plastic Dental Mirrors, Purple
67e911903a648d4bc984db37|28sep-sea|9.94|9.94|6.99|0.0|16.93|1|US|0.0|None|None||(2 pack) Armor All Protectant Car Cleaning Spray, 16 fl oz
67e940ca5542ae84f604061b|28sep-sea|4.99|4.99|0|0.0|4.99|1|US|0.0|None|None||AOCISKA Car Interior Detailing Brush,Soft Bristle Cleaning Brush Car Detailing Brush Dusting Brush,Car Interio
67e941160adba10aad075863|28sep-sea|6.54|55.63|0|0.0|6.54|5|US|0.0|None|None||Armor All Car Leather Cleaner Spray, Beeswax Leather Care Spray for Cars, Trucks, Motorcycles, 16 Oz Each
67e941e20adba10aad075865|28sep-sea|6.86|6.86|0|0.0|6.86|4|US|0.0|None|None||Eagle One Nevr Dull All Metal Wadding Polish, Chrome and Metal Cleaner for Cars, Kitchens, Bathrooms, Easy Tea
67e941e3791b1a705a173ec0|28sep-sea|9.99|9.99|0|0.0|9.99|5|US|0.0|None|None||Mothers Microfiber Polishing Pad and Cleaning Pads for Car Detailing, 5 Inch Diameter, Yellow, 6 Pack
67e942048948c5a3e92d0c68|28sep-sea|5.99|29.99|0|0.0|5.99|5|US|0.0|None|None||AIDEA Microfiber Cleaning Cloth 24 Pack, Microfiber Towels for Cars, Soft & Absorbent Cleaning Rags, Premium L
6882f32c282cdb11eacb2d65|28sep-sea|1.51|1.51|0|0.0|1.51|4|US|0.0|None|None||5m Balloon Chain Tape Arch Connect Strip For Wedding Birthday Party Decoration
68cb79c22d122e00018dd71e|28sep-sea|7.99|11.99|0|0.0|7.99|2|US|0.0|None|None|cosmética|SxoSyo Flowers Cosmetic Bags, Makeup Pouch for Women Large Purse, Orange
0b12e4a586c2320382c5313d|29sep-get|15.99|29.99|0|0.0|15.99|2|US|65.99|0|40||6" Disco Ball Plant Hanger with Hanging Rope, Hanging Chain, Hook, Circle
1b465870bc4b32c483c2a7e7|29sep-get|16.99|27.99|0|0.0|16.99|2|US|54.8|0|30||Clear Garment Bags for Hanging Clothes, 60 Inch, 7 Pack with 5 Cedar Balls
239c885ce263e973a9dac4a1|29sep-get|9.99|17.99|0|0.0|9.99|4|US|16.99|0|40||Everlasting Comfort Under Door Draft Stopper for Bottom of Doors, 1 Sided
2fa52de6ba7e1d8036c9181c|29sep-get|5.49|5.49|0|0.0|5.49|2|US|33.59|0|20||Dumbbell Bracelet for Men & Women with Lava Rocks, Elastic Rope
5f160efbed074e3f9e07f4dc|29sep-get|10.89|15.99|0|0.0|10.89|2|US|49.99|0|40||XZQTIVE No Buckle Invisible Elastic Stretch Belt for Men/Women Fits waist 24-50in Father Day Gift
61872c68a6136407fc2019b6|29sep-sea|7.81|60.89|0|4.12|11.93|8|CN|None|None|None||ZK30 Pet Teepee Dog & Cat Bed White Canvas Dog Canvas Cute House-Portable Washable Dog Tents for Dog&Cat Pet P
619835e084d7095b576cc8c0|29sep-sea|3.64|6.49|0.21|1.36|5.21|5|UK|None|None|None||Cloud Shape Kitchen Hanging Trash Can Cabinet Door Buckle Garbage Basin Creative Household Desktop Clutter Col
61e9c0529eab4076996502a4|29sep-sea|6.39|28.35|0|0.0|6.39|8|US|None|None|None|electrónica/batería|2.4L Automatic Cat Water Fountain Water level Window LED Electric Mute Water Feeder Dog Pet Drinker Bowl Pet D
62054ca64c57d27e4dc35c51|29sep-sea|1.42|3.52|0|1.14|2.56|5|UK|None|None|None||Ins Style Bear Card Holder Kawaii Campus Bus Card Lanyard Protective Cover Chain Protector Idol Photocard Slee
6585ecc3dd4f02b0a4e3f992|29sep-sea|0.23|0.23|5.55|0.0|5.78|8|US|None|None|None||Cat Toilet Pets Litter Sand Shovel Pet Cat Toilet Supplies Litter Scoop Supplies Pet Dogs Shovel Pet Cleanning
658d2f659528f6f652008a8f|29sep-sea|35.25|35.25|0|0.0|35.25|8|US|None|None|None||XXL Large Space Foldable Cat Litter Box with Front Entry & Top Exit with Tray
6593b4aeccfaff29788261a7|29sep-sea|4.16|4.16|4.21|0.0|8.37|8|US|None|None|None|cosmética|30ml Ginger Essential Oil Body Massage Oil Anti Aging Lymphatic Detoxification Body Pure Plant Essential Oil
659459a08218eb0ae5a36452|29sep-sea|26.99|26.99|0|0.0|26.99|8|US|None|None|None||3 Tier Industrial Geometry Wood Floating Shelf Heavy Duty Hanging Wall Mounted Unit
659e722895b005b0fe79db88|29sep-sea|45.67|45.67|0|0.0|45.67|8|US|None|None|None||Cat Litter Box Fully Enclosed and Foldable,Top Entry Litter Box Storage and Deodorization Easy to Clean Covere
65a687f7f6899e7e5d9b19d2|29sep-sea|38.83|54.1|0|0.0|38.83|7|US|None|None|None||Pet Sofa Bed Raised Cat Chair Small Dog Couch Bed Removable Cushion Sleep House
65a8f095cc4961e568c6cfd2|29sep-sea|39.7|39.7|0|0.0|39.7|8|US|None|None|None||Cat Litter Box Foldable Top Entry Litter Box with Cat Litter Scoop Drawer for Medium and Large Cats
65aecce6cf71e1184503e808|29sep-sea|30.53|30.53|5.26|0.0|35.79|7|US|None|None|None||3Pcs C-Stand Swivel Caster Wheel Set,25MM Diameter For Photography Century Foldable Light Stand Tripod Magic L
65b16f961fbf1f071b732e5e|29sep-sea|13.86|15.78|0|0.0|13.86|8|US|None|None|None||Elastic Rubber Resistance Bands, Expander for Bodybuilding, Home Gym Equipment, Weight Training, Fitness, 11Pc
65c6cfe0351a912ef154951d|29sep-sea|49.99|49.99|0|0.0|49.99|8|US|None|None|None||UNHO Multi-Tier Plant Stand, 46in Height Wood Flower Rack Holder 16 Potted Display Storage Shelves Indoor Outd
662ff70ecb0a41e52c4575d5|29sep-sea|61.08|65.08|0|0.0|61.08|8|US|None|None|None||Elevated Pet Bed,Nordic Pet Stool Bed with Cozy Pad Waterproof,Pet Sofa Bed with Sturdy Wood Legs for Small Do
663f1a566dcaeec12aff4a58|29sep-sea|0.57|0.58|5.29|0.0|5.86|8|US|None|None|None||Non Stick Cooking Spatula Silicone High Temperature Kitchen Cooking Spoon For Egg Fish Frying Steak Frying Kit
665dcffae23e733d78fe3be9|29sep-sea|42|42|0|0.0|42.0|8|US|None|None|None||5 Tiered Tall Plant Stand Indoor Iron Planter Shelf Rack Garden Metal Flower Pots Display Holder Outdoor
666aacf94c60bcf76fa77c7c|29sep-sea|1.72|2.57|4.75|0.0|6.47|8|US|None|None|None|cosmética|Body Warts Removal Kit Safe Treatment Skin Care Tool Body Warts Treatment Safe Foot Corn Removal Skin Care
667009754f1a0d88d1faa8d4|29sep-sea|0.37|0.97|2.87|0.0|3.24|8|US|None|None|None|cosmética|1pc Cute Alpaca Sleep Eye Mask Eyeshade Shading Sleep Cotton Goggles Eye Mask Sleep Mask Eye Cover Care Gift A
6681ace8f66a1b73fb08a211|29sep-sea|19.69|19.69|0|0.0|19.69|8|US|None|None|None|cosmética|Pet Bath Brush Rubber Comb Hair Removal Brush Pet Dog Cat Grooming Cleaning Glove Massage Pet Hair Care Tool
668f06fc45973f640b2570cf|29sep-sea|10.63|10.63|0|0.0|10.63|8|US|None|None|None|electrónica/batería|GreatWall new sports gaming wireless headset, high-quality, low-latency gaming headset
669bd21676112d9a94657cb9|29sep-sea|21|21|0|0.0|21.0|8|US|None|None|None||MASBRILL Adjustable Pet Dog Collar Nylon Reflective Pet Collar for Dogs Training Outdoor Comfortable Dog Neckl
66c7e8d5cc602fd0efb25338|29sep-sea|64.69|75.85|0|0.0|64.69|8|US|None|None|None||Large Cat Tree for Indoor Large Cats Tall Cat Tower for Fat Cats with Super Big Hammock, Cat Climbing Trees wi
66c86514f1de422051dccafe|29sep-sea|16.6|16.6|0|0.0|16.6|8|US|None|None|None|electrónica/batería|IWALK Spare External power banks Mini 10000mAh Wireless Power BankPower Bank Portable Charger Backup Emergent 
66cd6c5c3e333bbaa3a71000|29sep-sea|9.54|9.54|0|0.0|9.54|8|US|None|None|None||Elastic rubber resistance bands for yoga, hip circle expander, gym, home workout, 3PCs
66d16f18c15651193a7007ff|29sep-sea|32.76|32.76|0|0.0|32.76|8|US|None|None|None||Dog Bed Large Sized Dog Fluffy Dog Bed Couch Cover Calming Large Dog Bed Washable Dog Mat for Furniture Protec
66d83a138aab9d574997a3d3|29sep-sea|11.96|22.33|56.09|0.0|68.05|8|US|None|None|None||Pull Up Assistance Universal Arm Strength Training Pull Up Assist Heavy Duty Pull Up Resistant Bands Anti Snap
66d83a31c368b4425fd9a928|29sep-sea|16.18|16.2|0.83|0.0|17.01|8|US|None|None|None||Pull Up Resistance Bands Straps For Back Resistance Elasticity Assist Push Up Assist Pull Up Bands Assistance 
66d83a3dc368b4425fd9a929|29sep-sea|7.3|7.98|17.01|0.0|24.31|8|US|None|None|None||Resistance Bands Pull Up Assist Pull Up Assist Bands Pull Ups Auxiliary Band Comfortable Foot Strap Heavy Duty
66d83a3f2854078e2a1e08f6|29sep-sea|6.9|7.48|9.63|0.0|16.53|8|US|None|None|None||Pull Up Assistance Bands Assistance Elastic Resistance Band Pull Ups Auxiliary Band Comfortable Foot Strap Hea
66d83a8f52755aa7c922f3df|29sep-sea|14.88|14.88|0|0.0|14.88|8|US|None|None|None||New Heavy Duty Latex Resistance Band Exercise Elastic Band  Sport Strength Pull  Assist Band Workout Pilates F
66d83aa552755aa7c922f3e1|29sep-sea|12.21|16.48|0|0.0|12.21|8|US|None|None|None||New Durable and Elastic Resistance Bands for Gym Workouts - Stretchy and Flexible Pull Strap Belt - Latex Yoga
66d8a8e1171d76e25b11b179|29sep-sea|16.36|16.36|38.42|0.0|54.78|8|US|None|None|None||Pull Up Bands Heavy Duty Resistance Workout Bands Nylon Elastic Assistance Bands For Resistance Training For G
66d8a99762eca1334505e836|29sep-sea|6.7|21.16|0|0.0|6.7|8|US|None|None|None||New 175-250LBS Yoga Multi-Purpose Thickened Heavy-Duty Elastic Band Fitness Training Resistance Stretching Ban
66d8a9a5171d76e25b11b194|29sep-sea|13.14|36.83|0|0.0|13.14|8|US|None|None|None||New Heavy Duty Latex Resistance Band Exercise Elastic Band  Sport Strength Pull  Assist Band Workout Pilates F
66d8a9ac62eca1334505e839|29sep-sea|6.19|19.78|0|0.0|6.19|8|US|None|None|None||New Heavy Duty Latex Resistance Band Exercise Elastic Band  Sport Strength Pull  Assist Band Workout Pilates F
66d8aa0a7fba3e79fa410e3f|29sep-sea|7.73|9.39|3.28|0.0|11.01|8|US|None|None|None||Fitness Resistance Bands Open Bow Resistance Trainer Fitness Ropes Multifunctional Stretching Band With Handle
66d8aa1ad9b6c07f1c94fd99|29sep-sea|8.23|8.23|0|0.0|8.23|8|US|None|None|None||New Butt Trainer Yoga Elastic Band Training Pull Rope Exercise Pilates Belt Fitness  Ring Resistance Band Squa
66e64585640717518f2360fb|29sep-sea|145.96|548.13|0|0.0|145.96|8|US|None|None|None||12 Inch Laptop Dual Monitor 1920*1080 HD IPS LCD Dual Monitor Screen Extender Laptops For Macbook Huawei
66f3458d8cccbcce2d27690c|29sep-sea|17.32|17.38|3.22|0.0|20.54|8|US|None|None|None|electrónica/batería|180ml Volcanic Flame Aroma Oil Diffuser Multifunctional Air Humidifier Volcano Compact Atomizing Sprayer for B
6706963b0914773ccd870f0b|29sep-sea|29.16|29.16|0|0.0|29.16|8|US|None|None|None||Monitor Height Increasing Bracket ,Wooden Monitor Stand LED Computer Monitor Riser Desktop Organizer Display R
670a38b4c0ca8f144968fa9c|29sep-sea|0.86|0.97|11.58|0.0|12.44|8|US|None|None|None||Bohemian Style Wood Beads Necklace For Men Summer Necklaces For Beach Jewely Gifts For Boys Brown Collarbone C
673c53b6fcfdd22cd0ec6cbf|29sep-sea|190.49|190.49|0|0.0|190.49|8|US|None|None|None|electrónica/batería|Recumbent Exercise Bike for Home with Smart Bluetooth and Exclusive App Connectivity, LCD, Heart Rate Handle, 
67773f748f10bc1eb9ac6536|29sep-sea|39.13|39.13|0|0.0|39.13|8|US|None|None|None|cosmética|JHK Faux Fur Living Room Hidden Storage Stools & Ottomans Padded Makeup with 4 Metal Legs Anti-Slip Adjustable
67781857a9a657085a09751d|29sep-sea|30.79|30.79|0|0.0|30.79|8|US|None|None|None||Dog Bed Large Sized Dog Fluffy Dog Bed Couch Cover Calming Large Dog Bed Washable Dog Mat for Furniture Protec
677bee48f04beb51e0f7c4f2|29sep-sea|109.55|170.99|0|0.0|109.55|8|US|None|None|None|electrónica/batería|SucceBuy Sauna Heater 3/4.5/6/9KW 220V Electric Sauna Stove Steam Bath Sauna Heater for Max. 317-459 Cubic Fee
67886d73499083dc27185e9f|29sep-sea|9.18|9.18|0|0.0|9.18|8|US|None|None|None|electrónica/batería,cosmética|Pet Steam Brush Steam Cats Comb Electric Sprayer for Massage Wool Cat Brush Vaporizer Hair Removal Grooming Pe
67a060ce99c410940ada5b7b|29sep-sea|64.64|64.64|13.05|0.0|77.69|8|US|None|None|None|electrónica/batería|Powerful Portable Blender for Shakes and Smoothies on-the-go, 150W Motor, Fast USB C Rechargeable, Compact Des
67a33a0dd29fa7bf61b8a280|29sep-sea|43.44|43.49|0|0.0|43.44|8|US|None|None|None|cosmética|2 IN 1 Foldable 7 Color LED Photon 30-60℃ Heating Threapy Face&Body Mask Machine Salon Home Use Skin Rejuvenat
67bf9d6f7b4841c647e79af9|29sep-sea|9.15|9.15|0|0.0|9.15|8|US|None|None|None|electrónica/batería|2pcs/Set Silky Satin Heatless Hair Curler Set, No Heat Hair Curling Stick Cover, Suitable For Sleeping In Over
67d2e9fe3aa2656a7c1b1f6b|29sep-sea|51.47|51.47|0|0.0|51.47|8|US|None|None|None||COSSEAL-3-in-1 Neck Massager Cervical Pillow Hot Compress Vibration Massage Neck Traction Relax Pillow Spine S
67e613b6c8f2da672cdbb57f|29sep-sea|52.91|266.73|0|0.0|52.91|8|US|None|None|None||613 Lace Front Wig Human Hair 13x6 Blonde Human Hair Wigs 250% Density Body Wave Lace Front Wigs Human Hair Pr
67e6a1fec3abefb27641463c|29sep-sea|7.4|7.43|14.27|0.0|21.67|8|US|None|None|None||Fitness 9.5mm Weight Stack Pin Strength Training Weight Machine Pin Lock Portable Weight-decreasing Pin For Gy
67e6a3d7e7f2fb9f5002983c|29sep-sea|3.03|3.03|7.92|0.0|10.95|8|US|None|None|None||Anti-Slip Workout Grips Silicone Non-Slip Fingerless Crosstraining Grips Gym Hand Gloves Dumbbell Gripper Exer
67e6a460e85f259e56ba1fde|29sep-sea|4.09|4.64|15.41|0.0|19.5|8|US|None|None|None||Hand Grip Strengthener Grip Strength Forearm Strengthener Hand Gripper Multi-functional Hand Strengthener For 
68140993bb821457361a5071|29sep-sea|32.58|32.58|0|0.0|32.58|8|US|None|None|None||Elbow Support Automatic Rebound Abdominal Wheel,Ab Roller for Abdominal Exercise Machine
681de036ca6a2ea20bed5360|29sep-sea|23.84|30.05|0|0.0|23.84|8|US|None|None|None|electrónica/batería|SucceBuy Portable Projector Tripod Stand Adjustable Height w/ Tray & Gooseneck Phone Holder for Outdoor Movies
68521528abc2ccacedc6f0cb|29sep-sea|65.18|65.18|0|0.0|65.18|8|US|None|None|None|electrónica/batería|Pet Grooming Vacuum with 4 Limited Combs, Dog Hair Vacuum & Grooming Kit,2.5L Dust Cup Dog Brush Vacuum with G
686ea3b4bc2f12dfa9fb1fca|29sep-sea|38.19|38.19|0|0.0|38.19|8|US|None|None|None|electrónica/batería,cosmética|7 Colors Photon Face Neck LED Mask 3D Flexible Silicone Facial Beauty Mask Red Light Infrared Skin Care Repair
68735166ae4475dd742ec008|29sep-sea|8.96|8.96|2.99|0.0|11.95|8|US|None|None|None||Dog Water Bottle, Portable Travel Water Bottle Dispenser For Dogs - Cats & Kitten Outdoor Travel Water Bottle 
68750340da78fd2d5c5cdd15|29sep-sea|15.99|15.99|0|0.0|15.99|8|US|None|None|None|cosmética|Handheld Neck Massager Neck Massager Constant Temperature Double Chin Facial Massage Skin Care Tool with Cooli
68791cba27b38e56a8f6491d|29sep-sea|88.95|88.95|0|0.0|88.95|8|US|None|None|None||MERACH Ab Machine, Ab Workout Equipment, Adjustable Ab Trainer Machine for Abs Workout at Home Gym, Foldable
68925bc5630bf83511876f59|29sep-sea|15.1|25.79|0|0.0|15.1|8|US|None|None|None||10-1Pc Pet Grooming Gloves Double-sided Deshedding Brush Gloves Pet Long Short Hair Gentle Deshedding Mitt Rem
68997c3f12a4454f5922bb23|29sep-sea|10.51|10.52|29.28|0.0|39.79|8|US|None|None|None||Pet Feet Washer Electrical Pet Paw Cleaner Automatic Pet Foot Cleaning Cup Portable Quick Low Noise Dog Cat Pa
689a3596e1f09528d4bc47e8|29sep-sea|7.12|7.12|9.12|0.0|16.24|8|US|None|None|None||Gym accessories men Adjustable dumbbells set Exercise bands set Weights gym equipment Dumbbell set gym equipme
68a349ae9c85a90877b0113e|29sep-sea|18.48|18.51|0|0.0|18.48|8|US|None|None|None|cosmética|Silicone Ice Facial Folding Washbasin with Built-in Icetray Collapsible Facial Plunge Bowl Face Icebath at Hom
68a349db19c80035ef21c903|29sep-sea|19.5|19.56|0|0.0|19.5|8|US|None|None|None|cosmética|Silicone Ice Facial Folding Washbasin with Ice Tray Collapsible Facial Plunge Bowl Face Ice Bath Water Chiller
68a34c6b866818be787403b3|29sep-sea|98.04|98.04|0|0.0|98.04|8|US|None|None|None||Modern Kitchen Faucet Brsuh Matt Brass Material Kitchen Sink Faucet Kitchen Product Kitchen Sink Mixer Tap
68b305896e985bd0df2bc754|29sep-sea|42.33|50.8|0|0.0|42.33|7|US|None|None|None||Steamer for Clothes Steamer, Portable Handheld Garment Fabric Steamer Fast Heat-up Powerful Clothes Steamer wi
68cd46c71738600001ef1fab|29sep-sea|6.61|6.63|10.62|0.0|17.23|8|US|None|None|None||Phone Holder For Desk Foldable Magnet Phone Holder Cell Phone Mount Portable Phone Holder Stand Cell Phone Sta
68cd6b1f9649a30001318738|29sep-sea|236.67|257.74|0|0.0|236.67|7|US|None|None|None||Pilates Reformer Machine 77" Foldable Pilates Equipment for Home Gym Workout, Adjustability Pilates Workout Eq
68dff4bab293040001119360|29sep-sea|967.24|1003.52|2.99|0.0|970.23|8|US|None|None|None|electrónica/batería|Massage Chair Recliner with Zero Gravity, Full Body Massage Chair with Heating, Bluetooth Speaker, Airbags, Fo
690707ad893b220001946863|29sep-sea|19.16|19.18|0|0.0|19.16|8|US|None|None|None|cosmética|Silicone Ice Facial Folding Washbasin with Icetray Collapsible Facial Plunge Bowl Face Ice Bath Water Chiller
698494a98b39c40001bab4ed|29sep-sea|14.22|14.22|0|0.0|14.22|8|US|None|None|None||Magnetic Gym Sling Bag with Water Bottle Holder Gym Chest Pouch Gym Bottle Carrier Bag for Men Women Gym Acces
698494b412c6a70001dda08e|29sep-sea|13.3|13.3|0|0.0|13.3|8|US|None|None|None||Magnetic Gym Chest Pouch with Bottle Holder Gym Crossbody Bag Gym Bottle Carrier Bag for Gym Sports Travel Car
6988a45e4ace3000014dd413|29sep-sea|14.73|14.73|0|0.0|14.73|8|US|None|None|None||Magnetic Gym Sling Bag with Water Bottle Holder Gym Crossbody Bag Gym Bottle Carrier Bag for Men Women Gym Acc
6988a461c5e7890001b85564|29sep-sea|13.35|13.35|0|0.0|13.35|8|US|None|None|None||Magnetic Gym Bag with Water Bottle Holder Gym Crossbody Bag Gym Bottle Carrier Bag for Men Women Gym Accessori
6988a48a6234f2000147dee3|29sep-sea|15.15|15.15|0|0.0|15.15|8|US|None|None|None||Magnetic Gym Sling Bag with Water Bottle Holder Gym Crossbody Bag Gym Bottle Carrier Bag for Gym Sports Travel
6992a64e3f2cc10001e1016a|29sep-sea|108.39|108.39|0|0.0|108.39|8|US|None|None|None||Pergola Kit with 3-Way Brackets Pergola Brackets Includes Screws Pergola Bracket Kit for Pergolas Gardens and 
84e302aab55fb167dd160090|29sep-get|7.49|15.99|0|0.0|7.49|1|US|84.99|0|60||Car Purse Hook, Car Seat Headrest Hooks, Black Leather 2 Pack
9feee5ddea7ab0d70636d671|29sep-get|5.99|5.99|0|0.0|5.99|2|US|75|0|20|frágil|Purple Butterfly Earrings, Crystal Butterfly Tassel Earrings
ac252494deb012201a1788b8|29sep-get|13.99|79.99|0|0.0|13.99|2|US|96.8|0|40|electrónica/batería|LOFTEK 3-inch Rechargeable LED Ball Lights, Glowing Sphere Lights w/Remote
cdc11ed2c73d069f7b54026e|29sep-get|12.99|19.99|0|0.0|12.99|2|US|59.99|0|20||6 Ft Funny Dog Leash, Giant Plastic Fake Chain Leash for Small Dogs
d613d29d3f7990193edb7db7|29sep-get|4.99|6.99|0|0.0|4.99|2|US|33|0|20||2PCS Folding Scissors, Portable Travel Scissor, Gift for Men Glasses Shaped Mini Shear Telescopic Cutter, Anti
