id|name|niche|PV|multi|prob|crea|satj|riesgo|gancho|excl
65992dd64019e2b45bae60f7|Collar de perro luminoso LED|Mascotas|19.99|1|6|7|60|Pilas de botón; competencia a 15-20 $|Paseos de noche sin sustos|
6715c19ec4c8715d2dd4f67a|Rodillo quitapelos de mascota reutilizable|Mascotas|24.99|0|8|8|85|Clon del ChomChom (25 $ en Amazon); muy visto|El sofá sin pelos en 10 segundos|
65860738117eb9dadeb19790|Cepillo quitapelusas manual|Mascotas|19.99|1|7|7|80|Barato en Walmart/Amazon|Pelos fuera sin rodillos adhesivos|
65d5041a4e84f4de750d0ba2|Alfombrilla de arenero doble capa|Mascotas|29.99|0|7|6|75|Amazon a 18-22 $|Adiós arena por toda la casa|
677d74fcb8425fd0cc40551b|Fuente de agua para gatos|Mascotas|39.99|0|6|6|85|Amazon a 22-30 $ con marca; eléctrico (FCC)|Tu gato bebe más|
67f910306861d6aa3bf9543e|Collar de gato con funda para localizador|Mascotas|19.99|1|6|5|60|No usar «AirTag» en anuncios (marca de Apple)|Si se escapa, lo encuentras|
67a2d17e3d8f63df398f2b3b|Mochila frontal portaperros|Mascotas|44.99|0|7|8|55|Tallas por peso; devoluciones por talla|Llévalo a todas partes, manos libres|
69a6234a2ac4530001c7b25f|Cuenco lamedor antiansiedad (bola)|Mascotas|29.99|1|6|7|60|Material apto alimentos (FDA contacto alimentario)|Calma a tu perro en la bañera o en el veterinario|
65a71bc30e7ed5966bc1774c|Correa manos libres de cintura|Mascotas|29.99|0|6|6|70|Genérico|Corre con tu perro sin tirones|
66f4ded7a7b8f1d9e0f175ce|Correa retráctil doble para dos perros|Mascotas|39.99|0|7|7|50|Solo perros pequeños (límite de peso)|Dos perros, una correa, cero nudos|
69c2bd6e39d64f0001a46d86|Disfraz de alas de murciélago para gato|Mascotas|19.99|1|3|9|50|Halloween: solo hasta el 31 oct; 10 días de envío|El gato más terrorífico del barrio|Temporada demasiado corta (Halloween)
68997c3f12a4454f5922bb23|Lavapatas eléctrico para perros|Mascotas|69.99|0|7|8|40|Sin datos de pedidos; eléctrico|Patas limpias sin barro en casa|
6585edc8b29f8b05c18c8f07|Escurridor de arroz y verduras|Cocina|19.99|1|5|6|70|PVP bajo; bazar|—|
6640744dbf59341e693a3899|Pulverizador de aceite 2 en 1|Cocina|19.99|1|5|7|85|Saturadísimo en TikTok Shop a 8-12 $|—|
66c887ad13693bd4b961999a|Pinza recogedora extensible 80 cm|Hogar|29.99|0|7|6|60|Público mayor; poco viral|No te agaches nunca más|
690f4f5166994000016c4206|Cierrapuertas automático sin taladro|Hogar|24.99|1|7|7|40|Puertas pesadas no; revisar reseñas|La puerta se cierra sola, sin portazos|
696c1614c836410001890876|Bazuca para sushi|Cocina|29.99|0|4|8|60|Capricho; poco problema|Sushi casero en 1 minuto|
6777e00729ce3be262ef92a6|Prensa de hamburguesas de acero|Cocina|29.99|0|4|6|60|Amazon a 15-20 $|—|
6754c0bc18be72b6d463ec00|Refuerzo de cerradura antiintrusos|Hogar|19.99|1|8|7|50|No prometer «a prueba de robos»|Nadie abre tu puerta aunque tenga llave|
70e0bc583a36ee6ecb0de21e|Organizador de leggings para armario|Hogar|24.99|1|6|7|45|Genérico|20 leggings en una sola percha|
660f4c4c30f5c46150427ca5|Ganchos cascada para perchas|Hogar|19.99|1|6|6|70|Barato en Amazon|Triplica tu armario|
68f6be7e9fb9650001383195|Escoba rascadora de silicona extensible|Limpieza|24.99|0|6|7|65|Genérico|—|
684a18fef7266b0f4cdcb8bc|Limpiacristales 3 en 1 con pulverizador|Limpieza|24.99|0|6|7|60|Genérico|Ventanas sin marcas en una pasada|
69cf95ce65d49a000152d986|Bolas de enraizamiento para esquejes|Jardín|24.99|1|5|7|55|Plantas: temporada primavera|Clona tus plantas gratis|Temporada (primavera)
08c3ed914ae88508e5f7deed|Funda de parabrisas antinieve|Coche|29.99|0|8|8|55|Tallas por coche; solo estados con nieve|Nada de rascar hielo a las 7 de la mañana|
6754ada4ca2f31cde76da55a|Pincel para rejillas del coche|Coche|12.99|1|4|5|70|PVP bajísimo|—|
66c7ee27597b45bb32648cbd|Papelera de coche con tapa|Coche|19.99|0|6|6|75|Amazon a 10-15 $|—|
68a038a60c3ae8673b227ec7|Cojín reposabrazos con portavasos|Coche|29.99|0|5|5|60|Genérico|—|
6836c175c3b7f51c455ec823|Relleno de hueco del asiento (2 uds.)|Coche|24.99|0|6|7|80|Visto mil veces|Nunca más el móvil bajo el asiento|
69b0446f67521c0001d0674e|Toalla de secado de coche 1200 GSM|Coche|29.99|1|5|7|70|Marca del proveedor (SEAMETAL) en el producto|Seca el coche entero sin marcas|
696e2a47cc9f880001d31921|Medidor de espesor de pintura|Coche|27.99|0|7|6|30|Nicho (compradores de coches usados)|Descubre si el coche usado fue repintado|
698f2405a78cd500014c6d53|Red elástica para caja de pickup|Coche|39.99|0|6|5|40|Solo pickups|—|
695d4b0e7d59b40001095870|Protector de canto de puerta del coche|Coche|19.99|1|6|7|60|Genérico|Adiós golpes en el parking|
691ee0d43bf8af0001afe4aa|Muñeco bailarín de madera para el salpicadero|Regalos|24.99|0|1|8|50|Capricho|—|
683c4e4d436957f872e736cf|Fundas de almohada de satén (2 uds.)|Belleza|29.99|1|5|6|80|Amazon a 10-15 $|—|
ec580e7494b0ac96b2edafeb|Flequillo postizo de clip|Belleza|29.99|0|6|8|60|Tonos de color; devoluciones|Flequillo en 5 segundos sin cortarte el pelo|
671b2d3e9f265fb6dd5bba7e|Bolso bandolera con ventana táctil para el móvil|Moda|34.99|0|5|6|65|Moda; tallas de móvil|—|
658e780e2abb248fbb6feac8|Bandolera antirrobo impermeable|Moda|39.99|0|5|6|70|Genérico|—|
693f44b81f7af700018777b3|Ramo de rosas de ganchillo (manta)|Regalos|49.99|0|3|8|40|Picos: San Valentín y Día de la Madre|Rosas que no se marchitan|Temporada (feb/may)
6686f89209967e5b3e9d2ec2|Posavasos de vinilo con tocadiscos|Regalos|34.99|0|2|8|45|Regalo navideño; poco problema|El regalo para el que lo tiene todo|
685e36ca7bb85fa196faf3c0|Colgante cruz de acero|Joyas|29.99|0|2|5|60|Joyería barata; margen de marca|—|
6586808333918e635383efdc|Pulsera de piedra volcánica|Joyas|24.99|1|2|5|70|Muy visto|—|
6799a3b9fd2047ffea54e33b|Guantes de invierno táctiles impermeables|Invierno|29.99|0|6|5|70|Tallas|—|
67a5e8aec8633a056cf7d88d|Zapatillas de casa mullidas|Invierno|34.99|0|4|6|75|Tallas; devoluciones|—|
68579be13b566d0a50817f3f|Almohada de viaje ajustable|Viaje|39.99|0|6|7|60|Amazon a 20-30 $|Duerme en el avión de verdad|
67820d93e113a143c428b763|Crampones antideslizantes para botas|Invierno|34.99|0|8|7|55|Tallas S-XL; solo invierno|No te caigas en el hielo|
65ad749f64dc41e3aee7ac84|Saco de emergencia térmico|Outdoor|29.99|1|6|6|50|Prepper; poco viral|—|
660ea1048ac4e13b08d10674|Tabla de flexiones plegable|Fitness|44.99|0|5|7|70|Pico en enero|—|
692ea01500f2f800013d3add|Pesas de muñeca ajustables|Fitness|39.99|1|5|7|70|Clon de Bala (55 $); saturado|—|
69cfbdd58118780001228f8a|Marcapáginas «mano del diablo»|Libros|24.99|1|1|8|40|Capricho BookTok|—|
92706ff9b0ecef8a486bb62f|Luz de lectura para el cuello|Libros|39.99|0|6|7|55|Eléctrico (FCC)|Lee en la cama sin despertar a tu pareja|
667be8cc8c04ac166bff0387|Mini telar para zurcir ropa|Manualidades|29.99|0|6|8|45|Nicho manualidades|Arregla un agujero del jersey en 5 minutos|
68df6c54e41c1400016b6b01|Alicates para corchetes a presión|Manualidades|24.99|0|6|6|50|Nicho|—|
684995ff177390792282042b|Clips magnéticos para ropa (4 uds.)|Moda|19.99|1|5|7|55|Imanes: aviso para portadores de marcapasos|—|
69ab6debd2c3fc0001609e6b|Ayudante para abrochar pulseras|Joyas|16.99|1|7|7|40|PVP bajo|Abróchate la pulsera tú sola|
69cec2b389e77f0001986370|Parche adhesivo de cuero para sofá|Hogar|19.99|1|7|8|70|Color exacto difícil; muy visto|Sofá arañado como nuevo sin tapicero|
67263fe99474ac4857835f9c|Riñonera «barriga cervecera»|Regalos|29.99|0|1|9|45|Broma; regalo de amigo invisible|El regalo de amigo invisible que gana|
681b10ed13e9cd0e68f01d75|Mochila hamburguesa|Moda|44.99|0|2|7|50|Capricho|—|
68c8687ee4f2950001be8cd2|Luz LED con sensor para armarios|Hogar|29.99|1|7|7|70|Batería/USB (FCC)|Luz automática al abrir el armario|
6586837fc2b29b4dc4186d2b|Árbol de rosas con luces|Decoración|34.99|0|2|7|55|Decoración|—|
69576883590c1300018bd360|Rama de cerezo con luces|Decoración|49.99|0|2|8|45|Decoración; eléctrico|—|
69c3f4697385b1000119589e|Lámpara seta de madera|Decoración|49.99|0|3|8|40|Eléctrico|Luz cálida que parece de diseño|
69602103811bb00001332930|Cinturón de masaje térmico para hombros|Bienestar|69.99|0|6|6|50|Sin alegaciones médicas; eléctrico|—|
682c4537309d9ee5bff53b33|Detector de cámaras ocultas|Seguridad|49.99|0|8|8|50|No prometer 100 % de detección|Revisa tu Airbnb en 2 minutos|
67ea491637d748826306c301|Mini reloj con el tiempo y WiFi|Gadgets|39.99|0|3|7|45|Eléctrico|—|
6769803bc5bdab80ee32ae10|Tijeras con guía láser para envolver regalos|Regalos|29.99|1|6|8|50|Láser de clase baja (FDA láser); temporada Navidad|Cortes rectos en el papel de regalo, siempre|
68517d5221ca106bae88e508|Cortapuntas abiertas del pelo|Belleza|69.99|0|7|8|50|Eléctrico; resultados según tipo de pelo|Corta las puntas abiertas sin perder largo|
655df3619c65854e42a2cc32|Inflador de neumáticos inalámbrico|Coche|59.99|0|8|6|75|Batería de litio; muy saturado|—|
658b12a5a7bd06c7c1c6b8a3|Secador de zapatos eléctrico|Invierno|49.99|0|6|6|50|Eléctrico (UL recomendable)|—|
695733d183b1ce0001aa81e2|Masajeador de cuello tipo amasado|Bienestar|89.99|0|6|6|70|Sin alegaciones médicas|—|
68e9227c5071900001b02976|Máquina eléctrica para empanadillas|Cocina|49.99|0|4|8|40|Eléctrico|—|
698494a98b39c40001bab4ed|Bandolera magnética de gimnasio con botella|Fitness|39.99|0|6|7|40|Sin datos de pedidos|Todo a mano en el gym, sin taquilla|
68a349ae9c85a90877b0113e|Bol plegable para inmersión facial en hielo|Belleza|39.99|0|6|8|40|Sin datos de pedidos; no prometer efectos en la piel|El ritual de hielo viral, sin ensuciar|
