autods_id|producto|cj_pid|cj_nombre|cj_precio_usd|peso_g|nota
68fbb9bded8668000107ce8d|Escalera mascotas|2506120347231604100|Pet Bed Stairs Slope Bedside Sofa|11.73-25.77|900-1250 (vol. 6,5 kg)|Envío ≤10 d: 86,76 $ → inviable. Solo EUB DDU 16,33 $ (12-50 d).
69cec2b389e77f0001986370|Parche polipiel|1546474313795252224|Self Adhesive PU Leather Sofa Repair Sticker|1.99-6.14|~150 (est.)|Existe en CJ, 42 tiendas.
67829e883102869bed78f29c|Telar de zurcir|—|no está en CJ|—|~200 (est.)|Solo vía AutoDS/AliExpress.
67523ce8dbf199e45c8ce5b2|Barrera agua ducha|—|no encontrado (2 búsquedas)|—|~400 (est.)|Solo vía AutoDS.
6770012fda3ac6921268803a|Rascador acordeón|—|no encontrado (hay rascadores genéricos 2,25-9,39 $)|—|~600 (est., voluminoso)|Solo vía AutoDS.
6913145d00221a0001d3b968|Babero de afeitado|—|no encontrado|—|~80 (est.)|Solo vía AutoDS.
6754be739329c88754a950ec|Bloqueo volante|—|no encontrado|—|~1500 (est.)|Solo vía AutoDS; pesado.
673f3c0b8568324ff308450c|Cerrojo portátil viaje|1387351450421694464|Door Lock Portable (algunas variantes con alarma)|11.61-18.72|~150 (est.)|CJ 3-5× más caro que AutoDS (3,83 $). 652 tiendas.
08c3ed914ae88508e5f7deed|Funda parabrisas antihielo|8642783D-86D7-4C86-8671-DEEB6BC48F7B|Car snow block front windshield cover|0.57-1.19|~350 (est.)|CJ más barato que AutoDS; 1.895 tiendas (muy importado); con vídeo.
65d5041a4e84f4de750d0ba2|Alfombra arenero doble capa|0128A917-A355-4D8D-AA59-4FAA4F0013AD|Double Layer Litter Mat|3.61-21.50|~400-900 (según talla)|3.013 tiendas (saturado); con vídeo.
65b57921920030bc8881c4a0|Collar proyección 'te quiero'|2406240253401603400|Projection Necklace I Love You S925|8.97-9.52|~30|CJ versión plata 925; AutoDS 2,20 $ (bisutería). 114 tiendas; con vídeo.
6613a568be65e29246635bcb|Saxo de bolsillo|—|no encontrado|—|~250 (est.)|Solo vía AutoDS.
c37755be406964ea8511bfd2|Ayudante de acordes|—|no encontrado|—|~300 (est.)|Solo vía AutoDS.
69fb72db8eb33a00019e845b|Saco de dormir para gato|2410160623241623800|Pet Sleeping Bag semi-enclosed cat nest|3.25-4.20|~400 (est.)|CJ más barato que AutoDS (5,72 $); 231 tiendas; 4 vídeos.
65f93bcfb78d34c65b7be292|Cama plátano gato|—|no encontrado (camas similares 11-14 $)|—|~700 (est., voluminosa)|Solo vía AutoDS.
79bb3975ba67e3f5761901f6|Cinta selladora goteras|—|no encontrado|—|~500 (est.)|Solo vía AutoDS.
67a2d17e3d8f63df398f2b3b|Mochila portaperros|FF10D3C0-679C-4C38-8F48-8961E85AE312|Pet Dog Carrier Backpack|9.62-12.04|~700 (est.)|CJ 2× AutoDS; 3.644 tiendas (muy saturado).
693f44b81f7af700018777b3|Ramo-manta de rosas|—|no encontrado|—|~500 (est.)|Solo vía AutoDS.
6943f9f0ca36c7000148b7d9|Escobilla desechable|CB5E919B-462E-4C49-8A69-622FCB564578|Disposable toilet brush set|2.05-17.18|~500 (est.)|50 tiendas.
670e53084bd1ac83b36f213a|Caja de llaves con código|—|no encontrado|—|~500 (est.)|Solo vía AutoDS.
