id|nicho|prob|crea|satj|size|PV|multi|riesgo|gancho|es
6842d7aa98fa687b96aa66a5|Arreglos del hogar|14|13|4|10|14.95|1|Bajo. Sin alegaciones.|Agujero en la mosquitera: pegar y listo en 5 s|Cinta reparadora de mosquiteras
69cec2b389e77f0001986370|Arreglos del hogar|16|14|5|9|19.95|1|Bajo. El antes/después es del sofá (permitido). Coste real depende de la medida.|Sofá arañado por el gato → parche y parece nuevo|Parche de polipiel autoadhesivo
68e79ce8f16dca0001598bd4|Arreglos del hogar|16|14|5|9|19.95|1|Igual que el anterior (proveedor alternativo).|Silla de oficina pelada → como nueva en 10 s|Parche de polipiel (proveedor 2)
79bb3975ba67e3f5761901f6|Arreglos del hogar|17|13|6|8|24.95|1|Bajo. No prometer 'impermeable para siempre'.|Gotera en la terraza: tira de cinta y cubo de agua encima|Cinta selladora de goteras
67523ce8dbf199e45c8ce5b2|Arreglos del hogar|17|14|7|8|34.95|0|Bajo.|Ducha sin mampara: el agua se queda dentro|Barrera de agua de silicona para ducha
66daf285fbba8a47d2532c29|Arreglos del hogar|16|14|7|8|24.95|0|Bajo.|Suelo del baño encharcado → tira doblable y seco|Tira de retención de agua (baño)
65ef7d3a46c535a3a296ad8d|Arreglos del hogar|15|13|4|8|16.95|1|Bajo. No prometer ahorro concreto en la factura.|La corriente bajo la puerta apaga la vela → ya no|Burlete bajo puerta
68b3228bb57b570bf21635fd|Arreglos del hogar|14|14|6|10|12.95|1|Bajo.|Cremallera rota de la maleta arreglada en 3 s|Kit reparador de cremalleras
6585e31205e2a19cbf81e73a|Coche|15|14|5|9|19.95|0|Medio: si no saca la abolladura, devolución.|¡Pop! La abolladura sale con una ventosa|Ventosa quita-abolladuras
68df6c54e41c1400016b6b01|Costura y arreglos de ropa|12|13|6|9|19.95|0|Bajo.|Botón de presión sin coser, en 2 s|Alicate de corchetes + kit
67829e883102869bed78f29c|Costura y arreglos de ropa|16|15|8|9|34.95|0|Bajo.|Agujero en el vaquero → zurcido perfecto con el telar mini|Telar de zurcir (versión 1)
667be8cc8c04ac166bff0387|Costura y arreglos de ropa|16|15|8|9|34.95|0|Bajo.|Calcetín favorito salvado en 1 minuto|Telar de zurcir (versión 2)
65d5041a4e84f4de750d0ba2|Mascotas (gatos)|16|13|4|8|29.95|0|Bajo. Talla grande cuesta más.|Arena por toda la casa → la alfombra la atrapa|Alfombra de arenero doble capa
6861a40b81fd9d2df6b77688|Mascotas (gatos)|16|13|4|8|29.95|0|Bajo.|Sacude la alfombra y la arena vuelve al cajón|Alfombra de arenero 60×90
6716231217080fc880f51823|Mascotas (perros)|13|12|6|6|29.95|0|Tallas → algo de devolución.|Perro mojado sacudiéndose en el salón: nunca más|Albornoz para perro
65f93bcfb78d34c65b7be292|Mascotas (gatos)|12|14|5|5|39.95|0|Voluminoso → envío real más caro.|El gato plátano que todo el mundo comparte|Cama plátano para gato
69fb72db8eb33a00019e845b|Mascotas (gatos)|13|14|6|6|34.95|0|Voluminoso.|Llega el frío y el gato elige su saco|Saco de dormir para gato
6770012fda3ac6921268803a|Mascotas (gatos)|16|15|7|7|39.95|0|Bajo. Cartón corrugado + juguete: ligero pero voluminoso.|Deja de arañar el sofá: el acordeón que se estira|Rascador acordeón mágico
69a6234a2ac4530001c7b25f|Mascotas (perros)|12|13|5|8|24.95|0|No decir 'mejora la digestión' (alegación de salud).|Tu perro traga en 10 s → ahora tarda 5 min|Cuenco lamedor lento
67a2d17e3d8f63df398f2b3b|Mascotas (perros)|12|12|5|6|39.95|0|Tallas por peso del perro.|Paseo en bici con el perro a la espalda|Mochila portaperros
65a71bc30e7ed5966bc1774c|Mascotas (perros)|12|12|5|8|29.95|0|Bajo.|Corre con tu perro sin manos|Correa manos libres
685a5d3a22882072951c2d0b|Mascotas (perros)|13|14|3|10|19.95|1|Bajo.|Pasas el guante y sale una alfombra de pelo|Guante quitapelos
68315068e97499d2ec74b947|Mascotas (perros)|11|10|6|5|39.95|0|Tallas → devoluciones.|Abrigo con arnés: sale a la lluvia sin mojarse|Abrigo impermeable con arnés
08c3ed914ae88508e5f7deed|Coche|16|13|5|7|29.95|0|Bajo. Temporada: heladas nov-feb.|Mañana helada: quitas la funda y el cristal está limpio|Funda parabrisas antihielo
6623a4903961259f3835909e|Coche|14|12|5|7|29.95|0|Bajo.|Parabrisas sin hielo ni sol|Protector parabrisas UV/hielo
6899a78624fe14a100f4d1ef|Coche|11|11|5|6|24.95|0|Bajo.|Maletero ordenado: la compra ya no rueda|Caja organizadora de fieltro
69b0446f67521c0001d0674e|Coche|12|13|4|8|24.95|1|Nombre SEAMETAL es marca del proveedor: vender sin marca.|Seca el coche entero con una sola toalla|Toalla secado 1200 g/m²
696115dc419dfc0001c6875a|Coche|11|10|6|7|34.95|0|Bajo.|Techo del coche = maletero extra|Red portaobjetos de techo
691ee0d43bf8af0001afe4aa|Regalos|8|12|6|9|19.95|0|Bajo.|El muñeco del salpicadero que cambia de cara|Muñeco de madera con caras magnéticas
673f3c0b8568324ff308450c|Viaje y seguridad|15|13|6|10|24.95|1|No prometer 'imposible de abrir'.|Hotel o Airbnb: nadie entra aunque tenga llave|Cerrojo portátil de viaje
670e53084bd1ac83b36f213a|Viaje y seguridad|15|11|6|7|29.95|0|Metal pesado → envío real mayor.|Anfitrión Airbnb: llaves sin quedar en persona|Caja de llaves con código
6754c0bc18be72b6d463ec00|Viaje y seguridad|13|11|6|8|24.95|0|No prometer 'antirrobo total'.|Puerta reforzada en 1 min sin obras|Refuerzo de puerta
65b57921920030bc8881c4a0|Regalos|12|14|5|10|29.95|0|Bisutería: níquel (REACH).|Mira dentro del colgante: 'te quiero' en 100 idiomas|Collar proyección 'te quiero'
693f44b81f7af700018777b3|Regalos|8|13|7|6|49.95|0|La variante de 9,50 $ mide solo 60 cm; la de 110 cm cuesta ~30 $ → con ella el MC es negativo. Voluminoso.|Ramo de rosas que es una manta|Ramo-manta de rosas de ganchillo
658e6770060eddd0fde72d06|Regalos|8|12|4|8|29.95|0|Algunas versiones llevan luz LED (pila) → evitar.|La rosa que no se marchita|Rosa de lámina dorada 24K
6913145d00221a0001d3b968|Hombre / afeitado|16|12|8|10|19.95|1|Bajo. Sin alegaciones.|Afeitarte sin dejar un pelo en el lavabo|Babero de afeitado con ventosas
685c65aa1c83ade14a8af376|Regalos|6|13|5|8|24.95|0|Bajo.|Posavasos mandala que haces tú|Posavasos de diamantes (manualidad)
696c1614c836410001890876|Cocina|12|14|6|9|19.95|0|Contacto alimentario (Reg. 1935/2004).|Sushi en 20 s con el bazooka|Bazooka de sushi
69558cd5e4b9c4000115ebf4|Cocina|12|12|5|8|19.95|0|Contacto alimentario.|50 cubitos y ni una gota: presionas y salen|Cubitera de 50 con tapa a presión
685f70e3c996963c2cead55f|Cocina|15|14|8|9|24.95|0|No decir 'artritis' (alegación). Contacto alimentario no.|Abre cualquier tarro con una mano|Abretarros bajo mueble
6640744dbf59341e693a3899|Cocina|10|13|2|9|14.95|1|Saturado en España (Lidl, Amazon).|Aceite en spray para la freidora de aire|Pulverizador de aceite 2 en 1
6943f9f0ca36c7000148b7d9|Limpieza y baño|13|12|5|8|29.95|0|Cabezales con jabón = producto químico (CLP): verificar.|Nunca más tocar la escobilla sucia|Escobilla con cabezales desechables
69f2238c0646b80001d21a59|Limpieza y baño|10|11|5|7|24.95|0|Bajo.|Alfombra de baño efecto piedra que seca al momento|Alfombra baño efecto guijarro
67820d93e113a143c428b763|Invierno|12|11|6|8|29.95|0|EPI no; sin prometer 'no te caerás'.|Andar sobre hielo como si fuera asfalto|Crampones para calzado
694b5f5d9d192b0001bf7538|Invierno|9|10|5|9|24.95|0|Bajo.|Gorro + braga de cuello en uno|Gorro térmico con cuello
67d402d70a23f1f1471fef1f|Pelo (herramientas)|12|12|3|9|29.95|0|Saturado (Primark). No es cosmético.|Rizos sin calor mientras duermes|Rulo satinado sin calor
66df21e8c3b70cb65c2ca1cb|Juegos adultos|6|11|6|7|29.95|0|Bajo.|El juego de bar que engancha|Juego 'Shut the box'
696d625f7927ab000180dff1|Juegos|13|15|6|8|29.95|0|Uso infantil → Directiva de juguetes (EN71): riesgo.|Botar el balón en casa sin molestar al vecino|Balón silencioso de espuma
660fbeeb59158a8a00368272|Juegos|8|15|6|10|24.95|0|Juguete → EN71: riesgo.|Duelo de esgrima de bambú: revienta el globo|Duelo de muñecos con globo
67ed522bb048212bf474bea6|Arreglos del hogar|11|12|5|10|14.95|1|Bajo.|Puertas que no cierran → imán invisible|Cierre magnético invisible
6994714424e46e00016aa89c|Arreglos del hogar|12|12|4|10|14.95|1|Bajo.|Silla sin ruido ni arañazos|Tapones de silicona para patas
aeac867f47d2831225d36560|Arreglos del hogar|14|11|5|8|24.95|1|Bajo.|Palomas en el balcón → se van|Pinchos antipalomas
6905e8da93503c0001e328e4|Arreglos del hogar|12|13|6|8|19.95|0|Bajo.|Araña en el techo: la atrapas sin tocarla|Atrapainsectos de mano
6585fcf22767cd234c211a77|Descartar|0|0|0|0|0|0|Imagen corporal (Meta).|—|—
68fbb9bded8668000107ce8d|Mascotas (perros)|16|13|6|3|69.95|0|Voluminoso (espuma, ~2 kg): el envío real a España puede comerse el margen. Sin alegaciones articulares.|Tu perro pequeño ya no salta del sofá: sube por su escalera|Escalera de espuma para mascotas
67b9e88cf14b0788109c5ba0|Mascotas (gatos)|10|14|6|5|44.95|0|Voluminoso.|La cama 'ramen' donde tu gato se mete solo|Cama-nido 'ramen' para gato
6585f5cb46c3eb582810d6cc|Mascotas (gatos)|10|12|5|5|39.95|0|Voluminoso.|Tienda-cama que el gato no abandona|Tienda-cama para gato
6754be739329c88754a950ec|Coche|13|10|5|4|54.95|0|Acero, ~1,5 kg: envío caro. No prometer 'imposible de robar'.|Volante bloqueado al cinturón: el ladrón pasa de largo|Bloqueo de volante con cinturón
6754be779fd4f6c790900320|Coche|12|10|5|4|49.95|0|Acero pesado.|Pedal bloqueado: coche inútil para el ladrón|Bloqueo de embrague/acelerador
6613a568be65e29246635bcb|Música|9|13|7|8|59.95|0|Devoluciones por expectativa de sonido.|El saxo que cabe en el bolsillo|Saxo de bolsillo
c37755be406964ea8511bfd2|Música|15|14|8|8|49.95|0|Bajo.|Primer acorde de guitarra en 10 segundos|Ayudante de acordes para guitarra
672276c9c837b8045b070ca6|Hogar textil|13|13|3|4|49.95|0|Tallas de sofá → devoluciones; muy saturado (IKEA, Amazon).|Sofá destrozado → nuevo en 1 minuto|Funda elástica de sofá
6978c40f5803770001ef5e8e|Cocina|12|12|6|7|34.95|0|Contacto alimentario.|Fríe sin salpicar la cocina|Protector antisalpicaduras plegable
67d148d7e043cd6cd0974911|Arreglos del hogar|14|13|5|5|39.95|0|Pesado (metal).|Mueve el armario tú solo|Kit elevador para mover muebles
e98bf3345f94cb35f9d5ceb0|Arreglos del hogar|13|11|6|6|34.95|0|Voluminoso.|El búho que gira la cabeza y espanta palomas|Búho espantapájaros de cabeza giratoria
c4df4af37dcf96814a6c0b59|Costura y arreglos de ropa|10|13|8|6|39.95|0|Bajo.|El ovillo ya no rueda por el suelo|Caja organizadora de hilo para ganchillo
